id,gauge_id,prediction_timestamp,predicted_water_level,horizon_hours,created_at
1,H_150160180,2026-06-10 19:24:00.559573,203.78381941211626,2,2026-06-10 17:36:07.688213
2,H_150160180,2026-06-10 20:24:00.559573,203.63681205084495,3,2026-06-10 17:36:07.693393
3,H_150160180,2026-06-10 19:37:07.264891,208.38618057924268,2,2026-06-10 17:37:34.805944
4,H_150160180,2026-06-10 20:37:07.264891,207.03092126649184,3,2026-06-10 17:37:34.809543
3356,H_149180010,2026-06-10 20:00:00.000000,106.4,2,2026-06-10 18:17:56.918071
3357,H_149180010,2026-06-10 21:00:00.000000,115.4,3,2026-06-10 18:17:56.920681
7,H_149180010,2026-06-10 19:30:00.000000,106.4,2,2026-06-10 17:57:22.439868
8,H_149180010,2026-06-10 20:30:00.000000,115.4,3,2026-06-10 17:57:22.446339
9,H_149180020,2026-06-10 19:30:00.000000,0.0,2,2026-06-10 17:57:22.464093
10,H_149180020,2026-06-10 20:30:00.000000,0.0,3,2026-06-10 17:57:22.469395
11,H_149180040,2026-06-10 19:30:00.000000,30.499999999999773,2,2026-06-10 17:57:22.486834
12,H_149180040,2026-06-10 20:30:00.000000,20.500000000000227,3,2026-06-10 17:57:22.492246
13,H_149180050,2026-06-10 19:30:00.000000,6.999999999999986,2,2026-06-10 17:57:22.503372
14,H_149180050,2026-06-10 20:30:00.000000,0.3333333333333286,3,2026-06-10 17:57:22.507213
15,H_149180060,2026-06-10 19:30:00.000000,108.17199101700001,2,2026-06-10 17:57:22.518921
16,H_149180060,2026-06-10 20:30:00.000000,57.09768121859683,3,2026-06-10 17:57:22.521441
17,H_149180080,2026-06-10 19:30:00.000000,119.55529417840202,2,2026-06-10 17:57:22.529895
18,H_149180080,2026-06-10 20:30:00.000000,535.7299874339652,3,2026-06-10 17:57:22.533007
19,H_149180100,2026-06-10 19:30:00.000000,127.47763269012535,2,2026-06-10 17:57:22.541197
20,H_149180100,2026-06-10 20:30:00.000000,174.63250530411673,3,2026-06-10 17:57:22.544202
21,H_149180110,2026-06-10 19:30:00.000000,127.85074626865676,2,2026-06-10 17:57:22.552681
22,H_149180110,2026-06-10 20:30:00.000000,120.74626865671644,3,2026-06-10 17:57:22.557561
23,H_149180120,2026-06-10 19:30:00.000000,160.37662337662334,2,2026-06-10 17:57:22.567705
24,H_149180120,2026-06-10 20:30:00.000000,167.54545454545462,3,2026-06-10 17:57:22.571019
25,H_149180130,2026-06-10 19:30:00.000000,127.62500000000006,2,2026-06-10 17:57:22.582210
26,H_149180130,2026-06-10 20:30:00.000000,126.5,3,2026-06-10 17:57:22.585227
27,H_149180140,2026-06-10 19:30:00.000000,99.63888888888889,2,2026-06-10 17:57:22.594984
28,H_149180140,2026-06-10 20:30:00.000000,102.05555555555554,3,2026-06-10 17:57:22.598257
29,H_149180160,2026-06-10 19:30:00.000000,57.99999999999999,2,2026-06-10 17:57:22.606803
30,H_149180160,2026-06-10 20:30:00.000000,58.0,3,2026-06-10 17:57:22.609550
31,H_149180180,2026-06-10 19:30:00.000000,75.0,2,2026-06-10 17:57:22.617353
32,H_149180180,2026-06-10 20:30:00.000000,75.0,3,2026-06-10 17:57:22.619793
33,H_149180200,2026-06-10 19:30:00.000000,90.75,2,2026-06-10 17:57:22.628686
34,H_149180200,2026-06-10 20:30:00.000000,97.25,3,2026-06-10 17:57:22.632051
35,H_149180210,2026-06-10 19:30:00.000000,176.0,2,2026-06-10 17:57:22.644266
36,H_149180210,2026-06-10 20:30:00.000000,176.0,3,2026-06-10 17:57:22.647252
37,H_149180220,2026-06-10 19:30:00.000000,0.0,2,2026-06-10 17:57:22.661141
38,H_149180220,2026-06-10 20:30:00.000000,0.0,3,2026-06-10 17:57:22.665458
39,H_149180230,2026-06-10 19:20:00.000000,386.0402949469087,2,2026-06-10 17:57:22.678619
40,H_149180230,2026-06-10 20:20:00.000000,286.72998144965436,3,2026-06-10 17:57:22.682428
41,H_149180240,2026-06-10 19:20:00.000000,112.64056536659547,2,2026-06-10 17:57:22.694240
42,H_149180240,2026-06-10 20:20:00.000000,113.24172946013198,3,2026-06-10 17:57:22.697535
43,H_149180250,2026-06-10 19:30:00.000000,226.1011585990877,2,2026-06-10 17:57:22.709291
44,H_149180250,2026-06-10 20:30:00.000000,220.60844193855013,3,2026-06-10 17:57:22.712124
45,H_149180300,2026-06-10 19:30:00.000000,182.6,2,2026-06-10 17:57:22.723656
46,H_149180300,2026-06-10 20:30:00.000000,189.0,3,2026-06-10 17:57:22.728000
47,H_149180390,2026-06-10 19:30:00.000000,96.0,2,2026-06-10 17:57:22.738211
48,H_149180390,2026-06-10 20:30:00.000000,96.0,3,2026-06-10 17:57:22.741733
49,H_149190010,2026-06-10 19:30:00.000000,136.34960915689555,2,2026-06-10 17:57:22.750680
50,H_149190010,2026-06-10 20:30:00.000000,159.1673646007817,3,2026-06-10 17:57:22.753101
51,H_149190020,2026-06-10 19:30:00.000000,145.8529411764706,2,2026-06-10 17:57:22.761982
52,H_149190020,2026-06-10 20:30:00.000000,145.97058823529414,3,2026-06-10 17:57:22.764976
53,H_149190030,2026-06-10 19:30:00.000000,114.3642681929681,2,2026-06-10 17:57:22.772702
54,H_149190030,2026-06-10 20:30:00.000000,112.10384300899428,3,2026-06-10 17:57:22.775434
55,H_149190040,2026-06-10 19:30:00.000000,273.9999999999998,2,2026-06-10 17:57:22.783021
56,H_149190040,2026-06-10 20:30:00.000000,266.75,3,2026-06-10 17:57:22.785313
57,H_149190050,2026-06-10 19:30:00.000000,634.0000000000005,2,2026-06-10 17:57:22.793336
58,H_149190050,2026-06-10 20:30:00.000000,635.0000000000005,3,2026-06-10 17:57:22.795632
59,H_149190060,2026-06-10 19:30:00.000000,510.01264639011754,2,2026-06-10 17:57:22.803598
60,H_149190060,2026-06-10 20:30:00.000000,908.0168718630694,3,2026-06-10 17:57:22.806415
61,H_149190070,2026-06-10 19:30:00.000000,370.2857142857143,2,2026-06-10 17:57:22.815565
62,H_149190070,2026-06-10 20:30:00.000000,370.32857142857154,3,2026-06-10 17:57:22.818385
63,H_149190080,2026-06-10 19:30:00.000000,641.666666666667,2,2026-06-10 17:57:22.825767
64,H_149190080,2026-06-10 20:30:00.000000,666.0,3,2026-06-10 17:57:22.827984
65,H_149190100,2026-06-10 19:30:00.000000,243.0,2,2026-06-10 17:57:22.838645
66,H_149190100,2026-06-10 20:30:00.000000,211.50000000000006,3,2026-06-10 17:57:22.841456
67,H_149190120,2026-06-10 19:30:00.000000,154.0,2,2026-06-10 17:57:22.852653
68,H_149190120,2026-06-10 20:30:00.000000,147.99999999999994,3,2026-06-10 17:57:22.857547
69,H_149190140,2026-06-10 19:30:00.000000,146.99999999999994,2,2026-06-10 17:57:22.868840
70,H_149190140,2026-06-10 20:30:00.000000,147.0,3,2026-06-10 17:57:22.873301
71,H_149190150,2026-06-10 19:30:00.000000,106.0,2,2026-06-10 17:57:22.886052
72,H_149190150,2026-06-10 20:30:00.000000,108.0,3,2026-06-10 17:57:22.890293
73,H_149190160,2026-06-10 19:30:00.000000,139.43899371069185,2,2026-06-10 17:57:22.903324
74,H_149190160,2026-06-10 20:30:00.000000,55.02264150943401,3,2026-06-10 17:57:22.907805
75,H_149190170,2026-06-10 19:30:00.000000,64.0,2,2026-06-10 17:57:22.919772
76,H_149190170,2026-06-10 20:30:00.000000,61.5,3,2026-06-10 17:57:22.924648
77,H_149190180,2026-06-10 19:30:00.000000,109.0,2,2026-06-10 17:57:22.941602
78,H_149190180,2026-06-10 20:30:00.000000,109.0,3,2026-06-10 17:57:22.946632
79,H_149190210,2026-06-10 19:30:00.000000,208.0,2,2026-06-10 17:57:22.955837
80,H_149190210,2026-06-10 20:30:00.000000,229.0,3,2026-06-10 17:57:22.959325
81,H_149190220,2026-06-10 19:30:00.000000,223.0,2,2026-06-10 17:57:22.967537
82,H_149190220,2026-06-10 20:30:00.000000,239.99999999999977,3,2026-06-10 17:57:22.970411
83,H_149190230,2026-06-10 19:30:00.000000,0.0,2,2026-06-10 17:57:22.978761
84,H_149190230,2026-06-10 20:30:00.000000,1150.5752688172047,3,2026-06-10 17:57:22.981835
85,H_149190240,2026-06-10 19:30:00.000000,177.5000000000001,2,2026-06-10 17:57:22.992576
86,H_149190240,2026-06-10 20:30:00.000000,190.0,3,2026-06-10 17:57:22.996054
87,H_149190250,2026-06-10 19:30:00.000000,242.33333333333326,2,2026-06-10 17:57:23.005364
88,H_149190250,2026-06-10 20:30:00.000000,223.33333333333337,3,2026-06-10 17:57:23.008772
89,H_149190260,2026-06-10 19:30:00.000000,97.5,2,2026-06-10 17:57:23.018972
90,H_149190260,2026-06-10 20:30:00.000000,98.49999999999994,3,2026-06-10 17:57:23.021810
91,H_149190270,2026-06-10 19:30:00.000000,159.8,2,2026-06-10 17:57:23.030717
92,H_149190270,2026-06-10 20:30:00.000000,160.8,3,2026-06-10 17:57:23.034259
93,H_149190280,2026-06-10 19:30:00.000000,179.74819566960701,2,2026-06-10 17:57:23.045507
94,H_149190280,2026-06-10 20:30:00.000000,179.80553327987175,3,2026-06-10 17:57:23.049102
95,H_149190290,2026-06-10 19:30:00.000000,147.00000000000003,2,2026-06-10 17:57:23.062334
96,H_149190290,2026-06-10 20:30:00.000000,248.00000000000023,3,2026-06-10 17:57:23.066328
97,H_149190310,2026-06-10 19:30:00.000000,375.9999999999999,2,2026-06-10 17:57:23.080259
98,H_149190310,2026-06-10 20:30:00.000000,376.9999999999999,3,2026-06-10 17:57:23.083328
99,H_149190320,2026-06-10 19:30:00.000000,0.0,2,2026-06-10 17:57:23.094776
100,H_149190320,2026-06-10 20:30:00.000000,0.0,3,2026-06-10 17:57:23.097897
101,H_149190340,2026-06-10 19:30:00.000000,108.00000000000006,2,2026-06-10 17:57:23.110458
102,H_149190340,2026-06-10 20:30:00.000000,112.0,3,2026-06-10 17:57:23.114390
103,H_149190350,2026-06-10 19:30:00.000000,178.99999999999994,2,2026-06-10 17:57:23.125066
104,H_149190350,2026-06-10 20:30:00.000000,176.99999999999997,3,2026-06-10 17:57:23.128501
105,H_149190360,2026-06-10 19:30:00.000000,130.38287504350853,2,2026-06-10 17:57:23.139865
106,H_149190360,2026-06-10 20:30:00.000000,129.90428123912287,3,2026-06-10 17:57:23.144093
107,H_149190370,2026-06-10 19:30:00.000000,75.07746478873239,2,2026-06-10 17:57:23.152050
108,H_149190370,2026-06-10 20:30:00.000000,76.01408450704226,3,2026-06-10 17:57:23.154861
109,H_149190380,2026-06-10 19:30:00.000000,129.51759208356236,2,2026-06-10 17:57:23.163120
110,H_149190380,2026-06-10 20:30:00.000000,155.30373831775702,3,2026-06-10 17:57:23.165277
111,H_149190390,2026-06-10 19:30:00.000000,171.4,2,2026-06-10 17:57:23.172059
112,H_149190390,2026-06-10 20:30:00.000000,171.6,3,2026-06-10 17:57:23.174297
113,H_149190480,2026-06-10 19:30:00.000000,224.0,2,2026-06-10 17:57:23.181660
114,H_149190480,2026-06-10 20:30:00.000000,220.0,3,2026-06-10 17:57:23.183823
115,H_149190490,2026-06-10 19:30:00.000000,207.70815450643775,2,2026-06-10 17:57:23.192003
116,H_149190490,2026-06-10 20:30:00.000000,208.47639484978538,3,2026-06-10 17:57:23.194919
117,H_149190500,2026-06-10 19:30:00.000000,115.0,2,2026-06-10 17:57:23.202984
118,H_149190500,2026-06-10 20:30:00.000000,115.0,3,2026-06-10 17:57:23.205497
119,H_149190510,2026-06-10 19:30:00.000000,112.33333333333331,2,2026-06-10 17:57:23.213045
120,H_149190510,2026-06-10 20:30:00.000000,112.0,3,2026-06-10 17:57:23.215487
121,H_149200010,2026-06-10 19:30:00.000000,144.99467140319715,2,2026-06-10 17:57:23.223836
122,H_149200010,2026-06-10 20:30:00.000000,146.19715808170517,3,2026-06-10 17:57:23.226491
123,H_149200030,2026-06-10 19:30:00.000000,133.4049079754601,2,2026-06-10 17:57:23.234962
124,H_149200030,2026-06-10 20:30:00.000000,98.99591002044986,3,2026-06-10 17:57:23.238033
125,H_149200040,2026-06-10 19:30:00.000000,761.7472310126559,2,2026-06-10 17:57:23.247448
126,H_149200040,2026-06-10 20:30:00.000000,0.0,3,2026-06-10 17:57:23.251053
127,H_149200050,2026-06-10 19:30:00.000000,24.0,2,2026-06-10 17:57:23.263493
128,H_149200050,2026-06-10 20:30:00.000000,0.0,3,2026-06-10 17:57:23.267493
129,H_149200060,2026-06-10 19:30:00.000000,0.0,2,2026-06-10 17:57:23.278763
130,H_149200060,2026-06-10 20:30:00.000000,0.0,3,2026-06-10 17:57:23.282254
131,H_149200080,2026-06-10 19:30:00.000000,104.62977777777778,2,2026-06-10 17:57:23.293850
132,H_149200080,2026-06-10 20:30:00.000000,105.6791111111111,3,2026-06-10 17:57:23.296787
133,H_149200090,2026-06-10 19:30:00.000000,222.0,2,2026-06-10 17:57:23.307232
134,H_149200090,2026-06-10 20:30:00.000000,221.5,3,2026-06-10 17:57:23.312180
135,H_149200100,2026-06-10 19:30:00.000000,219.0000000000001,2,2026-06-10 17:57:23.321677
136,H_149200100,2026-06-10 20:30:00.000000,279.7500000000002,3,2026-06-10 17:57:23.327401
137,H_149200110,2026-06-10 19:30:00.000000,262.3,2,2026-06-10 17:57:23.338696
138,H_149200110,2026-06-10 20:30:00.000000,254.64999999999995,3,2026-06-10 17:57:23.343213
139,H_149200120,2026-06-10 19:30:00.000000,128.38438256658597,2,2026-06-10 17:57:23.352624
140,H_149200120,2026-06-10 20:30:00.000000,127.6955205811138,3,2026-06-10 17:57:23.356189
141,H_149200130,2026-06-10 19:30:00.000000,104.875,2,2026-06-10 17:57:23.366945
142,H_149200130,2026-06-10 20:30:00.000000,206.8750000000001,3,2026-06-10 17:57:23.370538
143,H_149200150,2026-06-10 19:30:00.000000,129.9832214765101,2,2026-06-10 17:57:23.381797
144,H_149200150,2026-06-10 20:30:00.000000,132.76845637583892,3,2026-06-10 17:57:23.384739
145,H_149200160,2026-06-10 19:20:00.000000,196.375,2,2026-06-10 17:57:23.395063
146,H_149200160,2026-06-10 20:20:00.000000,194.625,3,2026-06-10 17:57:23.398263
147,H_149200170,2026-06-10 19:30:00.000000,235.9999999999999,2,2026-06-10 17:57:23.408447
148,H_149200170,2026-06-10 20:30:00.000000,235.75,3,2026-06-10 17:57:23.411823
149,H_149200190,2026-06-10 19:30:00.000000,168.0,2,2026-06-10 17:57:23.421849
150,H_149200190,2026-06-10 20:30:00.000000,168.0,3,2026-06-10 17:57:23.425227
151,H_149200220,2026-06-10 19:30:00.000000,145.35000000000002,2,2026-06-10 17:57:23.434670
152,H_149200220,2026-06-10 20:30:00.000000,146.54999999999995,3,2026-06-10 17:57:23.437415
153,H_149200230,2026-06-10 19:30:00.000000,161.59183673469408,2,2026-06-10 17:57:23.448103
154,H_149200230,2026-06-10 20:30:00.000000,168.66666666666663,3,2026-06-10 17:57:23.452170
155,H_149200240,2026-06-10 19:30:00.000000,86.0,2,2026-06-10 17:57:23.466340
156,H_149200240,2026-06-10 20:30:00.000000,87.0,3,2026-06-10 17:57:23.470393
157,H_149200250,2026-06-10 19:30:00.000000,88.84176525335575,2,2026-06-10 17:57:23.484753
158,H_149200250,2026-06-10 20:30:00.000000,88.485773156881,3,2026-06-10 17:57:23.490061
159,H_149200260,2026-06-10 19:30:00.000000,240.07446808510633,2,2026-06-10 17:57:23.503897
160,H_149200260,2026-06-10 20:30:00.000000,226.09840425531917,3,2026-06-10 17:57:23.508509
161,H_149200280,2026-06-10 19:30:00.000000,0.0,2,2026-06-10 17:57:23.523616
162,H_149200280,2026-06-10 20:30:00.000000,0.0,3,2026-06-10 17:57:23.528513
163,H_149200290,2026-06-10 19:30:00.000000,112.66666666666666,2,2026-06-10 17:57:23.544894
164,H_149200290,2026-06-10 20:30:00.000000,114.33333333333326,3,2026-06-10 17:57:23.549275
165,H_149200300,2026-06-10 19:30:00.000000,134.00000000000006,2,2026-06-10 17:57:23.563655
166,H_149200300,2026-06-10 20:30:00.000000,148.0000000000001,3,2026-06-10 17:57:23.567362
167,H_149200310,2026-06-10 19:30:00.000000,245.62500000000006,2,2026-06-10 17:57:23.580363
168,H_149200310,2026-06-10 20:30:00.000000,252.125,3,2026-06-10 17:57:23.583439
169,H_149200320,2026-06-10 19:30:00.000000,71.91538278536422,2,2026-06-10 17:57:23.595468
170,H_149200320,2026-06-10 20:30:00.000000,81.38197649521814,3,2026-06-10 17:57:23.598809
171,H_149200330,2026-06-10 19:30:00.000000,243.99999999999955,2,2026-06-10 17:57:23.610204
172,H_149200330,2026-06-10 20:30:00.000000,164.49999999999997,3,2026-06-10 17:57:23.614096
173,H_149200540,2026-06-10 19:30:00.000000,136.0,2,2026-06-10 17:57:23.626182
174,H_149200540,2026-06-10 20:30:00.000000,135.0,3,2026-06-10 17:57:23.629497
175,H_149210010,2026-06-10 19:30:00.000000,176.33333333333337,2,2026-06-10 17:57:23.640770
176,H_149210010,2026-06-10 20:30:00.000000,175.6666666666667,3,2026-06-10 17:57:23.644350
177,H_149210020,2026-06-10 19:30:00.000000,386.0,2,2026-06-10 17:57:23.657000
178,H_149210020,2026-06-10 20:30:00.000000,379.49999999999994,3,2026-06-10 17:57:23.661448
179,H_149210030,2026-06-10 19:30:00.000000,78.84431137724552,2,2026-06-10 17:57:23.674036
180,H_149210030,2026-06-10 20:30:00.000000,76.11676646706587,3,2026-06-10 17:57:23.677937
181,H_149210040,2026-06-10 19:30:00.000000,294.3333333333335,2,2026-06-10 17:57:23.695064
182,H_149210040,2026-06-10 20:30:00.000000,313.6666666666665,3,2026-06-10 17:57:23.699464
183,H_149210050,2026-06-10 19:30:00.000000,175.0,2,2026-06-10 17:57:23.713583
184,H_149210050,2026-06-10 20:30:00.000000,150.99999999999994,3,2026-06-10 17:57:23.718077
185,H_149210060,2026-06-10 19:30:00.000000,133.66666666666663,2,2026-06-10 17:57:23.734331
186,H_149210060,2026-06-10 20:30:00.000000,97.00000000000006,3,2026-06-10 17:57:23.739138
187,H_149210070,2026-06-10 19:30:00.000000,38.00000000000001,2,2026-06-10 17:57:23.758622
188,H_149210070,2026-06-10 20:30:00.000000,42.0,3,2026-06-10 17:57:23.763342
189,H_149210080,2026-06-10 19:30:00.000000,83.50000000000006,2,2026-06-10 17:57:23.783570
190,H_149210080,2026-06-10 20:30:00.000000,83.5,3,2026-06-10 17:57:23.787148
191,H_149210090,2026-06-10 19:30:00.000000,286.0,2,2026-06-10 17:57:23.797045
192,H_149210090,2026-06-10 20:30:00.000000,302.6666666666665,3,2026-06-10 17:57:23.800376
193,H_149210100,2026-06-10 19:30:00.000000,142.8,2,2026-06-10 17:57:23.812015
194,H_149210100,2026-06-10 20:30:00.000000,143.2,3,2026-06-10 17:57:23.815448
195,H_149210110,2026-06-10 19:30:00.000000,169.0,2,2026-06-10 17:57:23.826979
196,H_149210110,2026-06-10 20:30:00.000000,169.0,3,2026-06-10 17:57:23.829887
197,H_149210120,2026-06-10 19:30:00.000000,570.0,2,2026-06-10 17:57:23.839952
198,H_149210120,2026-06-10 20:30:00.000000,570.0,3,2026-06-10 17:57:23.843733
199,H_149210130,2026-06-10 19:30:00.000000,142.0,2,2026-06-10 17:57:23.854184
200,H_149210130,2026-06-10 20:30:00.000000,142.2,3,2026-06-10 17:57:23.857181
201,H_149210140,2026-06-10 19:30:00.000000,204.4,2,2026-06-10 17:57:23.867258
202,H_149210140,2026-06-10 20:30:00.000000,204.8,3,2026-06-10 17:57:23.870969
203,H_149210160,2026-06-10 19:30:00.000000,124.0,2,2026-06-10 17:57:23.882700
204,H_149210160,2026-06-10 20:30:00.000000,124.0,3,2026-06-10 17:57:23.885816
205,H_149210180,2026-06-10 19:30:00.000000,74.72881355932202,2,2026-06-10 17:57:23.900275
206,H_149210180,2026-06-10 20:30:00.000000,143.06779661016964,3,2026-06-10 17:57:23.905637
207,H_149210190,2026-06-10 19:30:00.000000,157.0,2,2026-06-10 17:57:23.918572
208,H_149210190,2026-06-10 20:30:00.000000,157.0,3,2026-06-10 17:57:23.922913
209,H_149210200,2026-06-10 19:30:00.000000,386.57142857142856,2,2026-06-10 17:57:23.936119
210,H_149210200,2026-06-10 20:30:00.000000,386.42857142857144,3,2026-06-10 17:57:23.940614
211,H_149210210,2026-06-10 19:30:00.000000,97.0,2,2026-06-10 17:57:23.955460
212,H_149210210,2026-06-10 20:30:00.000000,97.0,3,2026-06-10 17:57:23.959932
213,H_149210450,2026-06-10 19:30:00.000000,224.4,2,2026-06-10 17:57:23.973178
214,H_149210450,2026-06-10 20:30:00.000000,224.6,3,2026-06-10 17:57:23.977570
215,H_149210460,2026-06-10 19:30:00.000000,316.7857142857142,2,2026-06-10 17:57:23.986345
216,H_149210460,2026-06-10 20:30:00.000000,316.71428571428567,3,2026-06-10 17:57:23.989899
217,H_149210470,2026-06-10 19:30:00.000000,214.2,2,2026-06-10 17:57:23.999684
218,H_149210470,2026-06-10 20:30:00.000000,214.8,3,2026-06-10 17:57:24.002966
219,H_149210480,2026-06-10 19:30:00.000000,217.0,2,2026-06-10 17:57:24.013633
220,H_149210480,2026-06-10 20:30:00.000000,210.75,3,2026-06-10 17:57:24.016896
221,H_149220010,2026-06-10 19:30:00.000000,129.4,2,2026-06-10 17:57:24.026221
222,H_149220010,2026-06-10 20:30:00.000000,129.6,3,2026-06-10 17:57:24.028915
223,H_149220020,2026-06-10 19:30:00.000000,44.00000000000001,2,2026-06-10 17:57:24.039274
224,H_149220020,2026-06-10 20:30:00.000000,37.0,3,2026-06-10 17:57:24.042692
225,H_149220040,2026-06-10 19:30:00.000000,113.0,2,2026-06-10 17:57:24.052007
226,H_149220040,2026-06-10 20:30:00.000000,113.0,3,2026-06-10 17:57:24.055488
227,H_149220050,2026-06-10 19:30:00.000000,95.0,2,2026-06-10 17:57:24.064603
228,H_149220050,2026-06-10 20:30:00.000000,95.0,3,2026-06-10 17:57:24.067479
229,H_149220060,2026-06-10 19:30:00.000000,171.0,2,2026-06-10 17:57:24.079052
230,H_149220060,2026-06-10 20:30:00.000000,171.0,3,2026-06-10 17:57:24.082530
231,H_149220070,2026-06-10 19:30:00.000000,97.00000000000001,2,2026-06-10 17:57:24.096823
232,H_149220070,2026-06-10 20:30:00.000000,95.99999999999997,3,2026-06-10 17:57:24.101268
233,H_149220080,2026-06-10 19:30:00.000000,76.5,2,2026-06-10 17:57:24.115873
234,H_149220080,2026-06-10 20:30:00.000000,76.25,3,2026-06-10 17:57:24.120133
235,H_149220100,2026-06-10 19:30:00.000000,78.0,2,2026-06-10 17:57:24.133153
236,H_149220100,2026-06-10 20:30:00.000000,78.0,3,2026-06-10 17:57:24.137182
237,H_149220110,2026-06-10 19:30:00.000000,266.2,2,2026-06-10 17:57:24.151554
238,H_149220110,2026-06-10 20:30:00.000000,266.2,3,2026-06-10 17:57:24.156305
239,H_149220130,2026-06-10 19:30:00.000000,115.0,2,2026-06-10 17:57:24.169858
240,H_149220130,2026-06-10 20:30:00.000000,115.0,3,2026-06-10 17:57:24.174477
241,H_149220140,2026-06-10 19:30:00.000000,300.0,2,2026-06-10 17:57:24.190292
242,H_149220140,2026-06-10 20:30:00.000000,300.0,3,2026-06-10 17:57:24.194550
243,H_149220150,2026-06-10 19:30:00.000000,85.5,2,2026-06-10 17:57:24.205928
244,H_149220150,2026-06-10 20:30:00.000000,86.0,3,2026-06-10 17:57:24.209863
245,H_149220160,2026-06-10 19:30:00.000000,147.4,2,2026-06-10 17:57:24.222338
246,H_149220160,2026-06-10 20:30:00.000000,147.6,3,2026-06-10 17:57:24.226059
247,H_149220170,2026-06-10 19:30:00.000000,92.8,2,2026-06-10 17:57:24.236742
248,H_149220170,2026-06-10 20:30:00.000000,93.8,3,2026-06-10 17:57:24.239845
249,H_149220180,2026-06-10 19:30:00.000000,152.0,2,2026-06-10 17:57:24.252197
250,H_149220180,2026-06-10 20:30:00.000000,152.0,3,2026-06-10 17:57:24.256203
251,H_149220200,2026-06-10 19:30:00.000000,65.66666666666666,2,2026-06-10 17:57:24.265617
252,H_149220200,2026-06-10 20:30:00.000000,66.0,3,2026-06-10 17:57:24.268444
253,H_149220210,2026-06-10 19:30:00.000000,18.099999999999984,2,2026-06-10 17:57:24.278161
254,H_149220210,2026-06-10 20:30:00.000000,94.49999999999999,3,2026-06-10 17:57:24.281364
255,H_149229998,2026-06-10 19:30:00.000000,257.0,2,2026-06-10 17:57:24.293847
256,H_149229998,2026-06-10 20:30:00.000000,257.0,3,2026-06-10 17:57:24.297626
257,H_149229999,2026-06-10 19:30:00.000000,251.6,2,2026-06-10 17:57:24.311713
258,H_149229999,2026-06-10 20:30:00.000000,251.4,3,2026-06-10 17:57:24.315569
259,H_149230020,2026-06-10 19:30:00.000000,232.0,2,2026-06-10 17:57:24.329077
260,H_149230020,2026-06-10 20:30:00.000000,232.0,3,2026-06-10 17:57:24.333244
261,H_150140010,2026-06-10 19:30:00.000000,49.162472953165455,2,2026-06-10 17:57:24.346392
262,H_150140010,2026-06-10 20:30:00.000000,40.55992182592307,3,2026-06-10 17:57:24.350775
263,H_150140020,2026-06-10 19:30:00.000000,82.52744850588184,2,2026-06-10 17:57:24.364315
264,H_150140020,2026-06-10 20:30:00.000000,73.78875016901792,3,2026-06-10 17:57:24.368246
265,H_150140030,2026-06-10 19:30:00.000000,267.5495495495496,2,2026-06-10 17:57:24.381566
266,H_150140030,2026-06-10 20:30:00.000000,313.54054054054086,3,2026-06-10 17:57:24.385138
267,H_150140100,2026-06-10 19:30:00.000000,54.0,2,2026-06-10 17:57:24.397694
268,H_150140100,2026-06-10 20:30:00.000000,53.0,3,2026-06-10 17:57:24.400913
269,H_150140140,2026-06-10 19:30:00.000000,58.25,2,2026-06-10 17:57:24.409922
270,H_150140140,2026-06-10 20:30:00.000000,55.5,3,2026-06-10 17:57:24.413413
271,H_150150010,2026-06-10 19:30:00.000000,320.0,2,2026-06-10 17:57:24.422201
272,H_150150010,2026-06-10 20:30:00.000000,320.0,3,2026-06-10 17:57:24.425473
273,H_150150020,2026-06-10 19:30:00.000000,105.49999999999997,2,2026-06-10 17:57:24.434819
274,H_150150020,2026-06-10 20:30:00.000000,106.0,3,2026-06-10 17:57:24.437705
275,H_150150030,2026-06-10 19:30:00.000000,29.0,2,2026-06-10 17:57:24.448162
276,H_150150030,2026-06-10 20:30:00.000000,27.33333333333333,3,2026-06-10 17:57:24.451094
277,H_150150040,2026-06-10 19:30:00.000000,30.2,2,2026-06-10 17:57:24.460562
278,H_150150040,2026-06-10 20:30:00.000000,30.4,3,2026-06-10 17:57:24.463559
279,H_150150050,2026-06-10 19:30:00.000000,63.21274944567628,2,2026-06-10 17:57:24.472389
280,H_150150050,2026-06-10 20:30:00.000000,59.079268292682926,3,2026-06-10 17:57:24.475806
281,H_150150070,2026-06-10 19:30:00.000000,52.500000000000014,2,2026-06-10 17:57:24.485372
282,H_150150070,2026-06-10 20:30:00.000000,52.0,3,2026-06-10 17:57:24.488681
283,H_150150090,2026-06-10 19:30:00.000000,221.0,2,2026-06-10 17:57:24.501210
284,H_150150090,2026-06-10 20:30:00.000000,221.0,3,2026-06-10 17:57:24.504445
285,H_150150100,2026-06-10 19:30:00.000000,73.99999999999999,2,2026-06-10 17:57:24.517047
286,H_150150100,2026-06-10 20:30:00.000000,75.99999999999994,3,2026-06-10 17:57:24.522227
287,H_150150110,2026-06-10 19:20:00.000000,19.63661202185793,2,2026-06-10 17:57:24.534849
288,H_150150110,2026-06-10 20:20:00.000000,21.28415300546448,3,2026-06-10 17:57:24.538513
289,H_150150120,2026-06-10 19:30:00.000000,80.4,2,2026-06-10 17:57:24.550916
290,H_150150120,2026-06-10 20:30:00.000000,81.6,3,2026-06-10 17:57:24.555364
291,H_150150190,2026-06-10 19:30:00.000000,55.6,2,2026-06-10 17:57:24.567911
292,H_150150190,2026-06-10 20:30:00.000000,55.4,3,2026-06-10 17:57:24.572173
293,H_150150200,2026-06-10 19:30:00.000000,5.2,2,2026-06-10 17:57:24.585004
294,H_150150200,2026-06-10 20:30:00.000000,5.4,3,2026-06-10 17:57:24.589384
295,H_150160010,2026-06-10 19:30:00.000000,72.00000000000003,2,2026-06-10 17:57:24.602970
296,H_150160010,2026-06-10 20:30:00.000000,68.0,3,2026-06-10 17:57:24.606618
297,H_150160020,2026-06-10 19:30:00.000000,98.25,2,2026-06-10 17:57:24.616353
298,H_150160020,2026-06-10 20:30:00.000000,111.99999999999999,3,2026-06-10 17:57:24.619540
299,H_150160030,2026-06-10 19:30:00.000000,127.00000000000006,2,2026-06-10 17:57:24.630456
300,H_150160030,2026-06-10 20:30:00.000000,122.99999999999997,3,2026-06-10 17:57:24.633403
301,H_150160040,2026-06-10 19:30:00.000000,219.9999999999999,2,2026-06-10 17:57:24.642748
302,H_150160040,2026-06-10 20:30:00.000000,218.0,3,2026-06-10 17:57:24.645793
303,H_150160060,2026-06-10 19:30:00.000000,9.0,2,2026-06-10 17:57:24.654955
304,H_150160060,2026-06-10 20:30:00.000000,11.000000000000002,3,2026-06-10 17:57:24.657824
305,H_150160070,2026-06-10 19:30:00.000000,0.0,2,2026-06-10 17:57:24.667464
306,H_150160070,2026-06-10 20:30:00.000000,0.0,3,2026-06-10 17:57:24.670992
307,H_150160080,2026-06-10 19:30:00.000000,99.5,2,2026-06-10 17:57:24.681550
308,H_150160080,2026-06-10 20:30:00.000000,98.49999999999999,3,2026-06-10 17:57:24.684735
309,H_150160090,2026-06-10 19:30:00.000000,93.66666666666666,2,2026-06-10 17:57:24.696764
310,H_150160090,2026-06-10 20:30:00.000000,93.33333333333331,3,2026-06-10 17:57:24.700231
311,H_150160100,2026-06-10 19:30:00.000000,60.701754385964875,2,2026-06-10 17:57:24.734325
312,H_150160100,2026-06-10 20:30:00.000000,49.76315789473681,3,2026-06-10 17:57:24.738869
313,H_150160120,2026-06-10 19:30:00.000000,117.0,2,2026-06-10 17:57:24.754881
314,H_150160120,2026-06-10 20:30:00.000000,117.0,3,2026-06-10 17:57:24.759496
315,H_150160140,2026-06-10 19:30:00.000000,213.33333333333337,2,2026-06-10 17:57:24.775111
316,H_150160140,2026-06-10 20:30:00.000000,198.33333333333326,3,2026-06-10 17:57:24.779761
317,H_150160150,2026-06-10 19:30:00.000000,24.8,2,2026-06-10 17:57:24.795287
318,H_150160150,2026-06-10 20:30:00.000000,25.2,3,2026-06-10 17:57:24.798839
319,H_150160160,2026-06-10 19:30:00.000000,148.0,2,2026-06-10 17:57:24.812255
320,H_150160160,2026-06-10 20:30:00.000000,148.0,3,2026-06-10 17:57:24.816405
321,H_150160170,2026-06-10 19:30:00.000000,31.8,2,2026-06-10 17:57:24.827673
322,H_150160170,2026-06-10 20:30:00.000000,32.2,3,2026-06-10 17:57:24.830849
3358,H_149180020,2026-06-10 20:00:00.000000,0.0,2,2026-06-10 18:17:56.930981
324,H_150160190,2026-06-10 19:30:00.000000,80.5,2,2026-06-10 17:57:24.849963
325,H_150160190,2026-06-10 20:30:00.000000,78.50000000000003,3,2026-06-10 17:57:24.853083
326,H_150160200,2026-06-10 19:30:00.000000,36.5,2,2026-06-10 17:57:24.870246
327,H_150160200,2026-06-10 20:30:00.000000,36.5,3,2026-06-10 17:57:24.872721
328,H_150160210,2026-06-10 19:30:00.000000,78.0,2,2026-06-10 17:57:24.880864
329,H_150160210,2026-06-10 20:30:00.000000,78.0,3,2026-06-10 17:57:24.883375
330,H_150160220,2026-06-10 19:30:00.000000,34.0,2,2026-06-10 17:57:24.892252
331,H_150160220,2026-06-10 20:30:00.000000,34.6,3,2026-06-10 17:57:24.895197
332,H_150160230,2026-06-10 19:30:00.000000,35.0,2,2026-06-10 17:57:24.904067
333,H_150160230,2026-06-10 20:30:00.000000,35.6,3,2026-06-10 17:57:24.907361
334,H_150160250,2026-06-10 19:30:00.000000,41.0,2,2026-06-10 17:57:24.917393
335,H_150160250,2026-06-10 20:30:00.000000,41.000000000000014,3,2026-06-10 17:57:24.921461
336,H_150160270,2026-06-10 19:30:00.000000,176.2,2,2026-06-10 17:57:24.932596
337,H_150160270,2026-06-10 20:30:00.000000,176.8,3,2026-06-10 17:57:24.937104
338,H_150160280,2026-06-10 19:30:00.000000,85.0,2,2026-06-10 17:57:24.947444
339,H_150160280,2026-06-10 20:30:00.000000,85.50000000000001,3,2026-06-10 17:57:24.951181
340,H_150160400,2026-06-10 19:30:00.000000,113.4,2,2026-06-10 17:57:24.963338
341,H_150160400,2026-06-10 20:30:00.000000,113.6,3,2026-06-10 17:57:24.966171
342,H_150160430,2026-06-10 19:30:00.000000,72.0,2,2026-06-10 17:57:24.978922
343,H_150160430,2026-06-10 20:30:00.000000,72.0,3,2026-06-10 17:57:24.983163
344,H_150170010,2026-06-10 19:30:00.000000,124.4,2,2026-06-10 17:57:24.996590
345,H_150170010,2026-06-10 20:30:00.000000,124.8,3,2026-06-10 17:57:25.000267
346,H_150170030,2026-06-10 19:30:00.000000,150.0,2,2026-06-10 17:57:25.012587
347,H_150170030,2026-06-10 20:30:00.000000,150.0,3,2026-06-10 17:57:25.015738
348,H_150170040,2026-06-10 19:30:00.000000,189.49019607843138,2,2026-06-10 17:57:25.025427
349,H_150170040,2026-06-10 20:30:00.000000,179.9705882352942,3,2026-06-10 17:57:25.028711
350,H_150170050,2026-06-10 19:30:00.000000,120.8,2,2026-06-10 17:57:25.037220
351,H_150170050,2026-06-10 20:30:00.000000,121.2,3,2026-06-10 17:57:25.039668
352,H_150170060,2026-06-10 19:30:00.000000,147.00000000000003,2,2026-06-10 17:57:25.047282
353,H_150170060,2026-06-10 20:30:00.000000,154.00000000000003,3,2026-06-10 17:57:25.049969
354,H_150170090,2026-06-10 19:30:00.000000,144.88447653429603,2,2026-06-10 17:57:25.058088
355,H_150170090,2026-06-10 20:30:00.000000,145.4620938628159,3,2026-06-10 17:57:25.061163
356,H_150170100,2026-06-10 19:30:00.000000,100.0,2,2026-06-10 17:57:25.069614
357,H_150170100,2026-06-10 20:30:00.000000,100.99999999999999,3,2026-06-10 17:57:25.072209
358,H_150170110,2026-06-10 19:30:00.000000,108.6,2,2026-06-10 17:57:25.079370
359,H_150170110,2026-06-10 20:30:00.000000,110.4,3,2026-06-10 17:57:25.081859
360,H_150170120,2026-06-10 19:30:00.000000,228.4,2,2026-06-10 17:57:25.095214
361,H_150170120,2026-06-10 20:30:00.000000,229.6,3,2026-06-10 17:57:25.098159
362,H_150170130,2026-06-10 19:30:00.000000,274.6,2,2026-06-10 17:57:25.109740
363,H_150170130,2026-06-10 20:30:00.000000,275.0,3,2026-06-10 17:57:25.113713
364,H_150170140,2026-06-10 19:30:00.000000,13.5,2,2026-06-10 17:57:25.126278
365,H_150170140,2026-06-10 20:30:00.000000,14.499999999999993,3,2026-06-10 17:57:25.130042
366,H_150170150,2026-06-10 19:30:00.000000,155.4,2,2026-06-10 17:57:25.144956
367,H_150170150,2026-06-10 20:30:00.000000,155.6,3,2026-06-10 17:57:25.148286
368,H_150170160,2026-06-10 19:30:00.000000,89.2,2,2026-06-10 17:57:25.162667
369,H_150170160,2026-06-10 20:30:00.000000,89.6,3,2026-06-10 17:57:25.166604
370,H_150170170,2026-06-10 19:30:00.000000,169.49999999999997,2,2026-06-10 17:57:25.185752
371,H_150170170,2026-06-10 20:30:00.000000,169.5,3,2026-06-10 17:57:25.190176
372,H_150170180,2026-06-10 19:30:00.000000,184.33333333333334,2,2026-06-10 17:57:25.210218
373,H_150170180,2026-06-10 20:30:00.000000,185.66666666666669,3,2026-06-10 17:57:25.213972
374,H_150170210,2026-06-10 19:30:00.000000,125.4,2,2026-06-10 17:57:25.227708
375,H_150170210,2026-06-10 20:30:00.000000,125.6,3,2026-06-10 17:57:25.231002
376,H_150170220,2026-06-10 19:30:00.000000,65.6,2,2026-06-10 17:57:25.243295
377,H_150170220,2026-06-10 20:30:00.000000,65.6,3,2026-06-10 17:57:25.246379
378,H_150170240,2026-06-10 19:20:00.000000,237.20930232558143,2,2026-06-10 17:57:25.257407
379,H_150170240,2026-06-10 20:20:00.000000,239.73255813953486,3,2026-06-10 17:57:25.261035
380,H_150170290,2026-06-10 19:30:00.000000,409.6,2,2026-06-10 17:57:25.272289
381,H_150170290,2026-06-10 20:30:00.000000,410.4,3,2026-06-10 17:57:25.275574
382,H_150170320,2026-06-10 19:30:00.000000,113.2,2,2026-06-10 17:57:25.286455
383,H_150170320,2026-06-10 20:30:00.000000,113.4,3,2026-06-10 17:57:25.289894
384,H_150170330,2026-06-10 19:30:00.000000,70.2,2,2026-06-10 17:57:25.300385
385,H_150170330,2026-06-10 20:30:00.000000,70.4,3,2026-06-10 17:57:25.304568
386,H_150170350,2026-06-10 19:30:00.000000,116.09999999999998,2,2026-06-10 17:57:25.318431
387,H_150170350,2026-06-10 20:30:00.000000,113.99999999999997,3,2026-06-10 17:57:25.322473
388,H_150180010,2026-06-10 19:30:00.000000,95.4,2,2026-06-10 17:57:25.337371
389,H_150180010,2026-06-10 20:30:00.000000,96.2,3,2026-06-10 17:57:25.343144
390,H_150180020,2026-06-10 19:30:00.000000,128.0,2,2026-06-10 17:57:25.357425
391,H_150180020,2026-06-10 20:30:00.000000,128.4,3,2026-06-10 17:57:25.362337
392,H_150180030,2026-06-10 19:30:00.000000,282.5,2,2026-06-10 17:57:25.376974
393,H_150180030,2026-06-10 20:30:00.000000,280.49999999999994,3,2026-06-10 17:57:25.381304
394,H_150180040,2026-06-10 19:30:00.000000,51.4,2,2026-06-10 17:57:25.397772
395,H_150180040,2026-06-10 20:30:00.000000,52.8,3,2026-06-10 17:57:25.401650
396,H_150180060,2026-06-10 19:30:00.000000,150.2,2,2026-06-10 17:57:25.415856
397,H_150180060,2026-06-10 20:30:00.000000,158.2,3,2026-06-10 17:57:25.419394
398,H_150180070,2026-06-10 19:30:00.000000,147.0,2,2026-06-10 17:57:25.434869
399,H_150180070,2026-06-10 20:30:00.000000,143.0,3,2026-06-10 17:57:25.438503
400,H_150180080,2026-06-10 19:30:00.000000,32.0,2,2026-06-10 17:57:25.449792
401,H_150180080,2026-06-10 20:30:00.000000,27.749999999999943,3,2026-06-10 17:57:25.453081
402,H_150180090,2026-06-10 19:30:00.000000,46.0,2,2026-06-10 17:57:25.463093
403,H_150180090,2026-06-10 20:30:00.000000,51.5,3,2026-06-10 17:57:25.466082
404,H_150180100,2026-06-10 19:30:00.000000,47.0,2,2026-06-10 17:57:25.475159
405,H_150180100,2026-06-10 20:30:00.000000,47.5,3,2026-06-10 17:57:25.478066
406,H_150180110,2026-06-10 19:30:00.000000,153.01135847342124,2,2026-06-10 17:57:25.487785
407,H_150180110,2026-06-10 20:30:00.000000,155.66492503407545,3,2026-06-10 17:57:25.490601
408,H_150180120,2026-06-10 19:30:00.000000,193.0,2,2026-06-10 17:57:25.501112
409,H_150180120,2026-06-10 20:30:00.000000,192.0000000000001,3,2026-06-10 17:57:25.504450
410,H_150180130,2026-06-10 19:30:00.000000,110.39770232260057,2,2026-06-10 17:57:25.516447
411,H_150180130,2026-06-10 20:30:00.000000,110.64701693587628,3,2026-06-10 17:57:25.520313
412,H_150180140,2026-06-10 19:30:00.000000,30.999999999999886,2,2026-06-10 17:57:25.532970
413,H_150180140,2026-06-10 20:30:00.000000,31.000000000000114,3,2026-06-10 17:57:25.536918
414,H_150180150,2026-06-10 19:30:00.000000,250.49999999999955,2,2026-06-10 17:57:25.550994
415,H_150180150,2026-06-10 20:30:00.000000,238.5,3,2026-06-10 17:57:25.555510
416,H_150180160,2026-06-10 19:30:00.000000,296.4,2,2026-06-10 17:57:25.569602
417,H_150180160,2026-06-10 20:30:00.000000,297.6,3,2026-06-10 17:57:25.573412
418,H_150180170,2026-06-10 19:30:00.000000,162.16666666666666,2,2026-06-10 17:57:25.587683
419,H_150180170,2026-06-10 20:30:00.000000,161.99999999999997,3,2026-06-10 17:57:25.593621
420,H_150180210,2026-06-10 19:30:00.000000,123.4,2,2026-06-10 17:57:25.608253
421,H_150180210,2026-06-10 20:30:00.000000,123.6,3,2026-06-10 17:57:25.613528
422,H_150180220,2026-06-10 19:30:00.000000,85.66666666666652,2,2026-06-10 17:57:25.627704
423,H_150180220,2026-06-10 20:30:00.000000,133.33333333333337,3,2026-06-10 17:57:25.631700
424,H_150180230,2026-06-10 19:30:00.000000,153.99999999999994,2,2026-06-10 17:57:25.644197
425,H_150180230,2026-06-10 20:30:00.000000,156.00000000000006,3,2026-06-10 17:57:25.647119
426,H_150180250,2026-06-10 19:30:00.000000,127.2,2,2026-06-10 17:57:25.656151
427,H_150180250,2026-06-10 20:30:00.000000,129.2,3,2026-06-10 17:57:25.659286
428,H_150180270,2026-06-10 19:30:00.000000,48.28346456692914,2,2026-06-10 17:57:25.667881
429,H_150180270,2026-06-10 20:30:00.000000,47.480314960629926,3,2026-06-10 17:57:25.670954
430,H_150180280,2026-06-10 19:30:00.000000,281.0,2,2026-06-10 17:57:25.679484
431,H_150180280,2026-06-10 20:30:00.000000,283.0,3,2026-06-10 17:57:25.682561
432,H_150180300,2026-06-10 19:30:00.000000,117.00000000000011,2,2026-06-10 17:57:25.693349
433,H_150180300,2026-06-10 20:30:00.000000,113.0,3,2026-06-10 17:57:25.696576
434,H_150180310,2026-06-10 19:30:00.000000,150.33333333333337,2,2026-06-10 17:57:25.706665
435,H_150180310,2026-06-10 20:30:00.000000,156.6666666666664,3,2026-06-10 17:57:25.710225
436,H_150180320,2026-06-10 19:30:00.000000,214.0,2,2026-06-10 17:57:25.719664
437,H_150180320,2026-06-10 20:30:00.000000,214.0,3,2026-06-10 17:57:25.722697
438,H_150180330,2026-06-10 19:30:00.000000,55.4,2,2026-06-10 17:57:25.732918
439,H_150180330,2026-06-10 20:30:00.000000,56.4,3,2026-06-10 17:57:25.736218
440,H_150180340,2026-06-10 19:30:00.000000,59.8,2,2026-06-10 17:57:25.750215
441,H_150180340,2026-06-10 20:30:00.000000,60.2,3,2026-06-10 17:57:25.755563
442,H_150190010,2026-06-10 19:30:00.000000,133.99999999999994,2,2026-06-10 17:57:25.770741
443,H_150190010,2026-06-10 20:30:00.000000,151.0,3,2026-06-10 17:57:25.776887
444,H_150190050,2026-06-10 19:30:00.000000,55.0,2,2026-06-10 17:57:25.794858
445,H_150190050,2026-06-10 20:30:00.000000,55.0,3,2026-06-10 17:57:25.800503
446,H_150190060,2026-06-10 19:30:00.000000,112.0,2,2026-06-10 17:57:25.817785
447,H_150190060,2026-06-10 20:30:00.000000,116.00000000000006,3,2026-06-10 17:57:25.822043
448,H_150190070,2026-06-10 19:30:00.000000,0.0,2,2026-06-10 17:57:25.839756
449,H_150190070,2026-06-10 20:30:00.000000,0.0,3,2026-06-10 17:57:25.845649
450,H_150190080,2026-06-10 19:30:00.000000,0.0,2,2026-06-10 17:57:25.866126
451,H_150190080,2026-06-10 20:30:00.000000,0.0,3,2026-06-10 17:57:25.869295
452,H_150190100,2026-06-10 19:30:00.000000,184.99999999999994,2,2026-06-10 17:57:25.882473
453,H_150190100,2026-06-10 20:30:00.000000,198.00000000000006,3,2026-06-10 17:57:25.885696
454,H_150190120,2026-06-10 19:30:00.000000,55.0,2,2026-06-10 17:57:25.898071
455,H_150190120,2026-06-10 20:30:00.000000,55.0,3,2026-06-10 17:57:25.901577
456,H_150190130,2026-06-10 19:30:00.000000,112.0,2,2026-06-10 17:57:25.914609
457,H_150190130,2026-06-10 20:30:00.000000,112.0,3,2026-06-10 17:57:25.918735
458,H_150190140,2026-06-10 19:30:00.000000,642.0000000000005,2,2026-06-10 17:57:25.931257
459,H_150190140,2026-06-10 20:30:00.000000,643.0,3,2026-06-10 17:57:25.934680
460,H_150190150,2026-06-10 19:30:00.000000,45.6,2,2026-06-10 17:57:25.947386
461,H_150190150,2026-06-10 20:30:00.000000,45.4,3,2026-06-10 17:57:25.950825
462,H_150190170,2026-06-10 19:30:00.000000,229.71059431524543,2,2026-06-10 17:57:25.966289
463,H_150190170,2026-06-10 20:30:00.000000,222.48062015503876,3,2026-06-10 17:57:25.972844
464,H_150190180,2026-06-10 19:30:00.000000,166.99999999999994,2,2026-06-10 17:57:25.989790
465,H_150190180,2026-06-10 20:30:00.000000,188.9999999999999,3,2026-06-10 17:57:25.994466
466,H_150190190,2026-06-10 19:30:00.000000,168.0,2,2026-06-10 17:57:26.011088
467,H_150190190,2026-06-10 20:30:00.000000,168.0,3,2026-06-10 17:57:26.018624
468,H_150190200,2026-06-10 19:30:00.000000,76.6,2,2026-06-10 17:57:26.035317
469,H_150190200,2026-06-10 20:30:00.000000,77.0,3,2026-06-10 17:57:26.039726
470,H_150190210,2026-06-10 19:20:00.000000,82.4,2,2026-06-10 17:57:26.053332
471,H_150190210,2026-06-10 20:20:00.000000,82.4,3,2026-06-10 17:57:26.056980
472,H_150190220,2026-06-10 19:30:00.000000,65.6,2,2026-06-10 17:57:26.068489
473,H_150190220,2026-06-10 20:30:00.000000,66.4,3,2026-06-10 17:57:26.071824
474,H_150190240,2026-06-10 19:30:00.000000,15.5,2,2026-06-10 17:57:26.081755
475,H_150190240,2026-06-10 20:30:00.000000,12.500000000000014,3,2026-06-10 17:57:26.084961
476,H_150190250,2026-06-10 19:30:00.000000,184.0,2,2026-06-10 17:57:26.094938
477,H_150190250,2026-06-10 20:30:00.000000,184.0,3,2026-06-10 17:57:26.097818
478,H_150190260,2026-06-10 19:30:00.000000,141.57812500000006,2,2026-06-10 17:57:26.107321
479,H_150190260,2026-06-10 20:30:00.000000,138.1875,3,2026-06-10 17:57:26.110895
480,H_150190270,2026-06-10 19:30:00.000000,95.6,2,2026-06-10 17:57:26.123674
481,H_150190270,2026-06-10 20:30:00.000000,96.4,3,2026-06-10 17:57:26.127569
482,H_150190280,2026-06-10 19:30:00.000000,155.0,2,2026-06-10 17:57:26.139298
483,H_150190280,2026-06-10 20:30:00.000000,144.33333333333337,3,2026-06-10 17:57:26.143272
484,H_150190310,2026-06-10 19:30:00.000000,240.0,2,2026-06-10 17:57:26.157754
485,H_150190310,2026-06-10 20:30:00.000000,240.75,3,2026-06-10 17:57:26.162376
486,H_150190330,2026-06-10 19:30:00.000000,127.03191530541147,2,2026-06-10 17:57:26.179299
487,H_150190330,2026-06-10 20:30:00.000000,122.94461908623073,3,2026-06-10 17:57:26.183980
488,H_150190340,2026-06-10 19:30:00.000000,150.375,2,2026-06-10 17:57:26.200858
489,H_150190340,2026-06-10 20:30:00.000000,148.25,3,2026-06-10 17:57:26.205135
490,H_150190350,2026-06-10 19:30:00.000000,245.0,2,2026-06-10 17:57:26.226569
491,H_150190350,2026-06-10 20:30:00.000000,245.0,3,2026-06-10 17:57:26.231375
492,H_150190360,2026-06-10 19:30:00.000000,166.9565217391304,2,2026-06-10 17:57:26.248637
493,H_150190360,2026-06-10 20:30:00.000000,166.1086956521739,3,2026-06-10 17:57:26.255352
494,H_150190390,2026-06-10 19:30:00.000000,236.75,2,2026-06-10 17:57:26.276234
495,H_150190390,2026-06-10 20:30:00.000000,174.24999999999994,3,2026-06-10 17:57:26.280428
496,H_150190400,2026-06-10 19:30:00.000000,167.4,2,2026-06-10 17:57:26.296841
497,H_150190400,2026-06-10 20:30:00.000000,167.4,3,2026-06-10 17:57:26.300994
498,H_150190410,2026-06-10 19:30:00.000000,360.0000000000002,2,2026-06-10 17:57:26.314097
499,H_150190410,2026-06-10 20:30:00.000000,328.0,3,2026-06-10 17:57:26.318756
500,H_150190420,2026-06-10 19:30:00.000000,170.0,2,2026-06-10 17:57:26.333239
501,H_150190420,2026-06-10 20:30:00.000000,169.0,3,2026-06-10 17:57:26.337701
502,H_150190430,2026-06-10 19:30:00.000000,120.8,2,2026-06-10 17:57:26.355088
503,H_150190430,2026-06-10 20:30:00.000000,121.2,3,2026-06-10 17:57:26.371773
504,H_150190440,2026-06-10 19:30:00.000000,85.9,2,2026-06-10 17:57:26.390131
505,H_150190440,2026-06-10 20:30:00.000000,84.9,3,2026-06-10 17:57:26.395205
506,H_150190450,2026-06-10 19:30:00.000000,96.00000000000003,2,2026-06-10 17:57:26.412175
507,H_150190450,2026-06-10 20:30:00.000000,96.00000000000001,3,2026-06-10 17:57:26.416492
508,H_150190460,2026-06-10 19:20:00.000000,129.0,2,2026-06-10 17:57:26.430732
509,H_150190460,2026-06-10 20:20:00.000000,129.0,3,2026-06-10 17:57:26.434731
510,H_150190470,2026-06-10 19:30:00.000000,205.8,2,2026-06-10 17:57:26.448690
511,H_150190470,2026-06-10 20:30:00.000000,206.2,3,2026-06-10 17:57:26.453426
512,H_150190480,2026-06-10 19:30:00.000000,103.6153846153846,2,2026-06-10 17:57:26.466347
513,H_150190480,2026-06-10 20:30:00.000000,103.69230769230768,3,2026-06-10 17:57:26.469308
514,H_150200010,2026-06-10 19:30:00.000000,197.99999999999977,2,2026-06-10 17:57:26.478936
515,H_150200010,2026-06-10 20:30:00.000000,181.9999999999999,3,2026-06-10 17:57:26.481876
516,H_150200030,2026-06-10 19:30:00.000000,64.8,2,2026-06-10 17:57:26.491766
517,H_150200030,2026-06-10 20:30:00.000000,65.2,3,2026-06-10 17:57:26.494562
518,H_150200050,2026-06-10 19:30:00.000000,85.25,2,2026-06-10 17:57:26.503119
519,H_150200050,2026-06-10 20:30:00.000000,86.25,3,2026-06-10 17:57:26.505971
520,H_150200060,2026-06-10 19:30:00.000000,0.0,2,2026-06-10 17:57:26.514634
521,H_150200060,2026-06-10 20:30:00.000000,0.0,3,2026-06-10 17:57:26.517858
522,H_150200070,2026-06-10 19:30:00.000000,252.84090909090912,2,2026-06-10 17:57:26.528787
523,H_150200070,2026-06-10 20:30:00.000000,222.54545454545587,3,2026-06-10 17:57:26.531795
524,H_150200080,2026-06-10 19:30:00.000000,178.00000000000006,2,2026-06-10 17:57:26.541397
525,H_150200080,2026-06-10 20:30:00.000000,175.0,3,2026-06-10 17:57:26.544748
526,H_150200090,2026-06-10 19:30:00.000000,190.37709497206723,2,2026-06-10 17:57:26.553199
527,H_150200090,2026-06-10 20:30:00.000000,189.06424581005587,3,2026-06-10 17:57:26.555805
528,H_150200100,2026-06-10 19:30:00.000000,239.43750000000023,2,2026-06-10 17:57:26.565731
529,H_150200100,2026-06-10 20:30:00.000000,215.7499999999999,3,2026-06-10 17:57:26.569335
530,H_150200120,2026-06-10 19:30:00.000000,115.33333333333334,2,2026-06-10 17:57:26.582902
531,H_150200120,2026-06-10 20:30:00.000000,113.00000000000001,3,2026-06-10 17:57:26.586256
532,H_150200140,2026-06-10 19:30:00.000000,438.33333333333303,2,2026-06-10 17:57:26.599303
533,H_150200140,2026-06-10 20:30:00.000000,450.33333333333326,3,2026-06-10 17:57:26.602788
534,H_150200150,2026-06-10 19:30:00.000000,73.16666666666657,2,2026-06-10 17:57:26.615129
535,H_150200150,2026-06-10 20:30:00.000000,48.3333333333332,3,2026-06-10 17:57:26.618868
536,H_150200160,2026-06-10 19:30:00.000000,107.00000000000006,2,2026-06-10 17:57:26.632854
537,H_150200160,2026-06-10 20:30:00.000000,105.5,3,2026-06-10 17:57:26.636116
538,H_150200170,2026-06-10 19:30:00.000000,13.149999999999409,2,2026-06-10 17:57:26.647865
539,H_150200170,2026-06-10 20:30:00.000000,0.0,3,2026-06-10 17:57:26.650572
540,H_150200200,2026-06-10 19:30:00.000000,137.8,2,2026-06-10 17:57:26.662751
541,H_150200200,2026-06-10 20:30:00.000000,138.4,3,2026-06-10 17:57:26.666697
542,H_150200220,2026-06-10 19:30:00.000000,63.65111226222322,2,2026-06-10 17:57:26.678788
543,H_150200220,2026-06-10 20:30:00.000000,268.81602348269024,3,2026-06-10 17:57:26.682021
544,H_150210010,2026-06-10 19:30:00.000000,103.4,2,2026-06-10 17:57:26.693502
545,H_150210010,2026-06-10 20:30:00.000000,103.6,3,2026-06-10 17:57:26.697659
546,H_150210020,2026-06-10 19:30:00.000000,109.25,2,2026-06-10 17:57:26.712809
547,H_150210020,2026-06-10 20:30:00.000000,118.99999999999994,3,2026-06-10 17:57:26.716658
548,H_150210030,2026-06-10 19:30:00.000000,280.43333333333334,2,2026-06-10 17:57:26.727476
549,H_150210030,2026-06-10 20:30:00.000000,278.6333333333333,3,2026-06-10 17:57:26.731077
550,H_150210040,2026-06-10 19:30:00.000000,103.41666666666666,2,2026-06-10 17:57:26.742188
551,H_150210040,2026-06-10 20:30:00.000000,97.88888888888891,3,2026-06-10 17:57:26.745779
552,H_150210080,2026-06-10 19:30:00.000000,7.033333333333303,2,2026-06-10 17:57:26.755535
553,H_150210080,2026-06-10 20:30:00.000000,246.06666666666666,3,2026-06-10 17:57:26.759180
554,H_150210090,2026-06-10 19:30:00.000000,73.99999999999999,2,2026-06-10 17:57:26.770469
555,H_150210090,2026-06-10 20:30:00.000000,74.5,3,2026-06-10 17:57:26.774114
556,H_150210100,2026-06-10 19:30:00.000000,94.34770514603616,2,2026-06-10 17:57:26.795038
557,H_150210100,2026-06-10 20:30:00.000000,97.58692628650904,3,2026-06-10 17:57:26.799558
558,H_150210110,2026-06-10 19:30:00.000000,176.9999999999999,2,2026-06-10 17:57:26.818125
559,H_150210110,2026-06-10 20:30:00.000000,163.0,3,2026-06-10 17:57:26.826216
560,H_150210120,2026-06-10 19:30:00.000000,168.0,2,2026-06-10 17:57:26.859512
561,H_150210120,2026-06-10 20:30:00.000000,167.99999999999994,3,2026-06-10 17:57:26.864186
562,H_150210130,2026-06-10 19:30:00.000000,78.6,2,2026-06-10 17:57:26.881864
563,H_150210130,2026-06-10 20:30:00.000000,79.0,3,2026-06-10 17:57:26.885357
564,H_150210140,2026-06-10 19:30:00.000000,88.8,2,2026-06-10 17:57:26.898183
565,H_150210140,2026-06-10 20:30:00.000000,89.2,3,2026-06-10 17:57:26.901320
566,H_150210150,2026-06-10 19:30:00.000000,117.00000000000006,2,2026-06-10 17:57:26.910738
567,H_150210150,2026-06-10 20:30:00.000000,113.0,3,2026-06-10 17:57:26.913820
568,H_150210160,2026-06-10 19:30:00.000000,157.4,2,2026-06-10 17:57:26.922722
569,H_150210160,2026-06-10 20:30:00.000000,158.0,3,2026-06-10 17:57:26.925521
570,H_150210170,2026-06-10 19:30:00.000000,118.99999999999994,2,2026-06-10 17:57:26.935844
571,H_150210170,2026-06-10 20:30:00.000000,122.99999999999994,3,2026-06-10 17:57:26.938708
572,H_150210180,2026-06-10 19:30:00.000000,176.0,2,2026-06-10 17:57:26.947738
573,H_150210180,2026-06-10 20:30:00.000000,176.0,3,2026-06-10 17:57:26.950735
574,H_150210190,2026-06-10 19:30:00.000000,197.6,2,2026-06-10 17:57:26.959954
575,H_150210190,2026-06-10 20:30:00.000000,197.8,3,2026-06-10 17:57:26.962774
576,H_150210200,2026-06-10 19:30:00.000000,204.4,2,2026-06-10 17:57:26.971228
577,H_150210200,2026-06-10 20:30:00.000000,204.6,3,2026-06-10 17:57:26.974228
578,H_150210210,2026-06-10 19:30:00.000000,197.6,2,2026-06-10 17:57:26.984013
579,H_150210210,2026-06-10 20:30:00.000000,197.4,3,2026-06-10 17:57:26.987149
580,H_150210220,2026-06-10 19:30:00.000000,144.0,2,2026-06-10 17:57:26.999140
581,H_150210220,2026-06-10 20:30:00.000000,144.50000000000003,3,2026-06-10 17:57:27.003130
582,H_150220010,2026-06-10 19:30:00.000000,35.75000000000001,2,2026-06-10 17:57:27.019169
583,H_150220010,2026-06-10 20:30:00.000000,36.25,3,2026-06-10 17:57:27.023704
584,H_150220020,2026-06-10 19:30:00.000000,21.5,2,2026-06-10 17:57:27.038200
585,H_150220020,2026-06-10 20:30:00.000000,23.000000000000007,3,2026-06-10 17:57:27.042150
586,H_150220030,2026-06-10 19:30:00.000000,100.6,2,2026-06-10 17:57:27.055544
587,H_150220030,2026-06-10 20:30:00.000000,100.4,3,2026-06-10 17:57:27.059703
588,H_150220040,2026-06-10 19:30:00.000000,122.25,2,2026-06-10 17:57:27.074104
589,H_150220040,2026-06-10 20:30:00.000000,122.25,3,2026-06-10 17:57:27.078463
590,H_150220050,2026-06-10 19:30:00.000000,75.8,2,2026-06-10 17:57:27.091371
591,H_150220050,2026-06-10 20:30:00.000000,75.6,3,2026-06-10 17:57:27.096027
592,H_150220060,2026-06-10 19:30:00.000000,126.0444458258221,2,2026-06-10 17:57:27.105909
593,H_150220060,2026-06-10 20:30:00.000000,130.96071361969294,3,2026-06-10 17:57:27.109754
594,H_150220070,2026-06-10 19:30:00.000000,198.66666666666663,2,2026-06-10 17:57:27.121826
595,H_150220070,2026-06-10 20:30:00.000000,202.0,3,2026-06-10 17:57:27.125436
596,H_150220080,2026-06-10 19:30:00.000000,169.5,2,2026-06-10 17:57:27.139848
597,H_150220080,2026-06-10 20:30:00.000000,169.49999999999997,3,2026-06-10 17:57:27.144254
598,H_150220090,2026-06-10 19:30:00.000000,89.75000000000001,2,2026-06-10 17:57:27.157025
599,H_150220090,2026-06-10 20:30:00.000000,90.25,3,2026-06-10 17:57:27.161165
600,H_150220100,2026-06-10 19:20:00.000000,47.0,2,2026-06-10 17:57:27.174006
601,H_150220100,2026-06-10 20:20:00.000000,47.0,3,2026-06-10 17:57:27.178265
602,H_150220110,2026-06-10 19:30:00.000000,77.0,2,2026-06-10 17:57:27.191615
603,H_150220110,2026-06-10 20:30:00.000000,77.0,3,2026-06-10 17:57:27.196078
604,H_150220120,2026-06-10 19:30:00.000000,92.0,2,2026-06-10 17:57:27.211258
605,H_150220120,2026-06-10 20:30:00.000000,92.0,3,2026-06-10 17:57:27.216484
606,H_150220130,2026-06-10 19:30:00.000000,54.99999999999997,2,2026-06-10 17:57:27.232776
607,H_150220130,2026-06-10 20:30:00.000000,45.0,3,2026-06-10 17:57:27.238547
608,H_150220140,2026-06-10 19:30:00.000000,130.0,2,2026-06-10 17:57:27.258068
609,H_150220140,2026-06-10 20:30:00.000000,130.0,3,2026-06-10 17:57:27.262713
610,H_150220160,2026-06-10 19:30:00.000000,156.0,2,2026-06-10 17:57:27.276290
611,H_150220160,2026-06-10 20:30:00.000000,156.0,3,2026-06-10 17:57:27.280870
612,H_150230010,2026-06-10 19:30:00.000000,8.333333333333332,2,2026-06-10 17:57:27.296753
613,H_150230010,2026-06-10 20:30:00.000000,8.333333333333332,3,2026-06-10 17:57:27.300573
614,H_150230020,2026-06-10 19:30:00.000000,139.0,2,2026-06-10 17:57:27.315252
615,H_150230020,2026-06-10 20:30:00.000000,139.0,3,2026-06-10 17:57:27.318194
616,H_150230030,2026-06-10 19:30:00.000000,144.4,2,2026-06-10 17:57:27.328260
617,H_150230030,2026-06-10 20:30:00.000000,144.6,3,2026-06-10 17:57:27.331062
618,H_150230040,2026-06-10 19:30:00.000000,250.0,2,2026-06-10 17:57:27.339736
619,H_150230040,2026-06-10 20:30:00.000000,250.0,3,2026-06-10 17:57:27.342843
620,H_150230050,2026-06-10 19:30:00.000000,228.0,2,2026-06-10 17:57:27.350926
621,H_150230050,2026-06-10 20:30:00.000000,228.0,3,2026-06-10 17:57:27.353549
622,H_150230060,2026-06-10 19:30:00.000000,90.8,2,2026-06-10 17:57:27.364854
623,H_150230060,2026-06-10 20:30:00.000000,91.2,3,2026-06-10 17:57:27.368859
624,H_150230070,2026-06-10 19:30:00.000000,162.0,2,2026-06-10 17:57:27.379606
625,H_150230070,2026-06-10 20:30:00.000000,162.0,3,2026-06-10 17:57:27.382510
626,H_150230080,2026-06-10 19:30:00.000000,42.0,2,2026-06-10 17:57:27.390958
627,H_150230080,2026-06-10 20:30:00.000000,42.0,3,2026-06-10 17:57:27.393834
628,H_150230090,2026-06-10 19:30:00.000000,82.6,2,2026-06-10 17:57:27.405460
629,H_150230090,2026-06-10 20:30:00.000000,83.8,3,2026-06-10 17:57:27.408750
630,H_150240010,2026-06-10 19:30:00.000000,207.0,2,2026-06-10 17:57:27.421585
631,H_150240010,2026-06-10 20:30:00.000000,207.2,3,2026-06-10 17:57:27.425336
632,H_150240020,2026-06-10 19:30:00.000000,21.0,2,2026-06-10 17:57:27.440522
633,H_150240020,2026-06-10 20:30:00.000000,22.0,3,2026-06-10 17:57:27.445240
634,H_151140010,2026-06-10 19:30:00.000000,30.68485143692158,2,2026-06-10 17:57:27.457134
635,H_151140010,2026-06-10 20:30:00.000000,32.40720896249391,3,2026-06-10 17:57:27.461850
636,H_151140020,2026-06-10 19:30:00.000000,108.0,2,2026-06-10 17:57:27.474141
637,H_151140020,2026-06-10 20:30:00.000000,108.0,3,2026-06-10 17:57:27.478980
638,H_151140030,2026-06-10 19:30:00.000000,226.0,2,2026-06-10 17:57:27.490644
639,H_151140030,2026-06-10 20:30:00.000000,226.0,3,2026-06-10 17:57:27.496097
640,H_151140040,2026-06-10 19:30:00.000000,73.00000000000001,2,2026-06-10 17:57:27.508470
641,H_151140040,2026-06-10 20:30:00.000000,65.0,3,2026-06-10 17:57:27.512550
642,H_151140050,2026-06-10 19:30:00.000000,159.8,2,2026-06-10 17:57:27.522655
643,H_151140050,2026-06-10 20:30:00.000000,159.8,3,2026-06-10 17:57:27.526359
644,H_151140060,2026-06-10 19:30:00.000000,139.15,2,2026-06-10 17:57:27.535307
645,H_151140060,2026-06-10 20:30:00.000000,139.5,3,2026-06-10 17:57:27.538041
646,H_151150010,2026-06-10 19:30:00.000000,70.4,2,2026-06-10 17:57:27.548197
647,H_151150010,2026-06-10 20:30:00.000000,70.6,3,2026-06-10 17:57:27.551005
648,H_151150020,2026-06-10 19:30:00.000000,107.49999999999999,2,2026-06-10 17:57:27.560163
649,H_151150020,2026-06-10 20:30:00.000000,109.50000000000001,3,2026-06-10 17:57:27.562847
650,H_151150040,2026-06-10 19:30:00.000000,137.0,2,2026-06-10 17:57:27.571243
651,H_151150040,2026-06-10 20:30:00.000000,135.0,3,2026-06-10 17:57:27.573756
652,H_151150050,2026-06-10 19:30:00.000000,305.0,2,2026-06-10 17:57:27.582221
653,H_151150050,2026-06-10 20:30:00.000000,301.00000000000006,3,2026-06-10 17:57:27.584839
654,H_151150060,2026-06-10 19:30:00.000000,10.0,2,2026-06-10 17:57:27.593809
655,H_151150060,2026-06-10 20:30:00.000000,10.0,3,2026-06-10 17:57:27.596443
656,H_151150080,2026-06-10 19:30:00.000000,218.0,2,2026-06-10 17:57:27.607557
657,H_151150080,2026-06-10 20:30:00.000000,220.0,3,2026-06-10 17:57:27.611339
658,H_151150090,2026-06-10 19:30:00.000000,119.28571428571428,2,2026-06-10 17:57:27.623635
659,H_151150090,2026-06-10 20:30:00.000000,120.07142857142858,3,2026-06-10 17:57:27.627606
660,H_151150100,2026-06-10 19:30:00.000000,121.23597506678544,2,2026-06-10 17:57:27.643215
661,H_151150100,2026-06-10 20:30:00.000000,111.67542297417629,3,2026-06-10 17:57:27.646398
662,H_151150110,2026-06-10 19:30:00.000000,93.00000000000001,2,2026-06-10 17:57:27.659849
663,H_151150110,2026-06-10 20:30:00.000000,92.99999999999999,3,2026-06-10 17:57:27.664003
664,H_151150120,2026-06-10 19:30:00.000000,118.20250783699066,2,2026-06-10 17:57:27.678949
665,H_151150120,2026-06-10 20:30:00.000000,122.9987460815047,3,2026-06-10 17:57:27.682735
666,H_151150130,2026-06-10 19:30:00.000000,99.00000000000011,2,2026-06-10 17:57:27.698044
667,H_151150130,2026-06-10 20:30:00.000000,18.000000000000284,3,2026-06-10 17:57:27.701591
668,H_151150140,2026-06-10 19:30:00.000000,96.125,2,2026-06-10 17:57:27.714893
669,H_151150140,2026-06-10 20:30:00.000000,95.875,3,2026-06-10 17:57:27.717733
670,H_151150150,2026-06-10 19:30:00.000000,117.00000000000006,2,2026-06-10 17:57:27.728776
671,H_151150150,2026-06-10 20:30:00.000000,120.00000000000003,3,2026-06-10 17:57:27.731761
672,H_151150160,2026-06-10 19:30:00.000000,80.6,2,2026-06-10 17:57:27.740484
673,H_151150160,2026-06-10 20:30:00.000000,80.4,3,2026-06-10 17:57:27.744083
674,H_151150170,2026-06-10 19:30:00.000000,117.0,2,2026-06-10 17:57:27.752514
675,H_151150170,2026-06-10 20:30:00.000000,117.0,3,2026-06-10 17:57:27.755341
676,H_151150220,2026-06-10 19:30:00.000000,166.625,2,2026-06-10 17:57:27.766213
677,H_151150220,2026-06-10 20:30:00.000000,172.125,3,2026-06-10 17:57:27.769163
678,H_151160020,2026-06-10 19:30:00.000000,99.0,2,2026-06-10 17:57:27.779601
679,H_151160020,2026-06-10 20:30:00.000000,99.0,3,2026-06-10 17:57:27.782552
680,H_151160030,2026-06-10 19:30:00.000000,180.6,2,2026-06-10 17:57:27.792598
681,H_151160030,2026-06-10 20:30:00.000000,180.4,3,2026-06-10 17:57:27.796092
682,H_151160050,2026-06-10 19:30:00.000000,59.6,2,2026-06-10 17:57:27.806238
683,H_151160050,2026-06-10 20:30:00.000000,59.4,3,2026-06-10 17:57:27.809794
684,H_151160070,2026-06-10 19:30:00.000000,35.0,2,2026-06-10 17:57:27.821671
685,H_151160070,2026-06-10 20:30:00.000000,35.0,3,2026-06-10 17:57:27.826108
686,H_151160090,2026-06-10 19:30:00.000000,19.0,2,2026-06-10 17:57:27.839858
687,H_151160090,2026-06-10 20:30:00.000000,19.0,3,2026-06-10 17:57:27.843353
688,H_151160100,2026-06-10 19:30:00.000000,117.0,2,2026-06-10 17:57:27.859009
689,H_151160100,2026-06-10 20:30:00.000000,117.0,3,2026-06-10 17:57:27.863480
690,H_151160130,2026-06-10 19:30:00.000000,67.74999999999999,2,2026-06-10 17:57:27.879506
691,H_151160130,2026-06-10 20:30:00.000000,65.66666666666663,3,2026-06-10 17:57:27.883217
692,H_151160140,2026-06-10 19:30:00.000000,104.33333333333337,2,2026-06-10 17:57:27.898101
693,H_151160140,2026-06-10 20:30:00.000000,107.66666666666669,3,2026-06-10 17:57:27.902204
694,H_151160150,2026-06-10 19:30:00.000000,149.22222222222223,2,2026-06-10 17:57:27.917135
695,H_151160150,2026-06-10 20:30:00.000000,144.13888888888886,3,2026-06-10 17:57:27.920914
696,H_151160160,2026-06-10 19:30:00.000000,104.0,2,2026-06-10 17:57:27.932987
697,H_151160160,2026-06-10 20:30:00.000000,104.0,3,2026-06-10 17:57:27.935690
698,H_151160170,2026-06-10 19:30:00.000000,326.0,2,2026-06-10 17:57:27.945152
699,H_151160170,2026-06-10 20:30:00.000000,324.81250000000006,3,2026-06-10 17:57:27.947530
700,H_151160180,2026-06-10 19:30:00.000000,41.0,2,2026-06-10 17:57:27.954659
701,H_151160180,2026-06-10 20:30:00.000000,27.999999999999886,3,2026-06-10 17:57:27.957110
702,H_151160190,2026-06-10 19:30:00.000000,85.0,2,2026-06-10 17:57:27.965268
703,H_151160190,2026-06-10 20:30:00.000000,85.0,3,2026-06-10 17:57:27.967961
704,H_151160220,2026-06-10 19:30:00.000000,118.0,2,2026-06-10 17:57:27.976040
705,H_151160220,2026-06-10 20:30:00.000000,118.0,3,2026-06-10 17:57:27.978313
706,H_151160230,2026-06-10 19:30:00.000000,201.33333333333326,2,2026-06-10 17:57:27.985216
707,H_151160230,2026-06-10 20:30:00.000000,200.3333333333333,3,2026-06-10 17:57:27.987533
708,H_151160290,2026-06-10 19:30:00.000000,105.8,2,2026-06-10 17:57:27.994801
709,H_151160290,2026-06-10 20:30:00.000000,105.6,3,2026-06-10 17:57:27.997454
710,H_151170010,2026-06-10 19:30:00.000000,100.0,2,2026-06-10 17:57:28.005324
711,H_151170010,2026-06-10 20:30:00.000000,101.99999999999997,3,2026-06-10 17:57:28.007591
712,H_151170030,2026-06-10 19:30:00.000000,317.4,2,2026-06-10 17:57:28.014702
713,H_151170030,2026-06-10 20:30:00.000000,317.4,3,2026-06-10 17:57:28.017024
714,H_151170040,2026-06-10 19:30:00.000000,93.0,2,2026-06-10 17:57:28.024402
715,H_151170040,2026-06-10 20:30:00.000000,93.0,3,2026-06-10 17:57:28.027283
716,H_151170050,2026-06-10 19:30:00.000000,259.0,2,2026-06-10 17:57:28.036022
717,H_151170050,2026-06-10 20:30:00.000000,259.0,3,2026-06-10 17:57:28.040573
718,H_151170060,2026-06-10 19:30:00.000000,217.2,2,2026-06-10 17:57:28.051498
719,H_151170060,2026-06-10 20:30:00.000000,216.8,3,2026-06-10 17:57:28.056149
720,H_151170070,2026-06-10 19:30:00.000000,35.00000000000003,2,2026-06-10 17:57:28.067914
721,H_151170070,2026-06-10 20:30:00.000000,27.5,3,2026-06-10 17:57:28.072895
722,H_151170080,2026-06-10 19:30:00.000000,76.00000000000001,2,2026-06-10 17:57:28.084837
723,H_151170080,2026-06-10 20:30:00.000000,76.00000000000001,3,2026-06-10 17:57:28.088530
724,H_151170090,2026-06-10 19:30:00.000000,0.0,2,2026-06-10 17:57:28.098581
725,H_151170090,2026-06-10 20:30:00.000000,0.0,3,2026-06-10 17:57:28.103161
726,H_151180010,2026-06-10 19:20:00.000000,31.000000000000057,2,2026-06-10 17:57:28.113825
727,H_151180010,2026-06-10 20:20:00.000000,53.49999999999999,3,2026-06-10 17:57:28.117049
728,H_151180020,2026-06-10 19:20:00.000000,68.0,2,2026-06-10 17:57:28.132566
729,H_151180020,2026-06-10 20:20:00.000000,68.0,3,2026-06-10 17:57:28.136591
730,H_151180030,2026-06-10 19:30:00.000000,40.0,2,2026-06-10 17:57:28.146007
731,H_151180030,2026-06-10 20:30:00.000000,40.0,3,2026-06-10 17:57:28.148628
732,H_151180040,2026-06-10 19:20:00.000000,145.0,2,2026-06-10 17:57:28.156323
733,H_151180040,2026-06-10 20:20:00.000000,147.33333333333337,3,2026-06-10 17:57:28.159529
734,H_151180050,2026-06-10 19:30:00.000000,157.33333333333348,2,2026-06-10 17:57:28.167197
735,H_151180050,2026-06-10 20:30:00.000000,168.99999999999994,3,2026-06-10 17:57:28.169521
736,H_151180060,2026-06-10 19:20:00.000000,127.99999999999999,2,2026-06-10 17:57:28.176639
737,H_151180060,2026-06-10 20:20:00.000000,127.99999999999999,3,2026-06-10 17:57:28.179144
738,H_151180070,2026-06-10 19:20:00.000000,102.8,2,2026-06-10 17:57:28.186356
739,H_151180070,2026-06-10 20:20:00.000000,103.2,3,2026-06-10 17:57:28.188695
740,H_151180080,2026-06-10 19:30:00.000000,142.0,2,2026-06-10 17:57:28.196277
741,H_151180080,2026-06-10 20:30:00.000000,141.8,3,2026-06-10 17:57:28.198547
742,H_151180090,2026-06-10 19:20:00.000000,80.4,2,2026-06-10 17:57:28.205317
743,H_151180090,2026-06-10 20:20:00.000000,80.6,3,2026-06-10 17:57:28.207642
744,H_151180100,2026-06-10 19:30:00.000000,113.99999999999999,2,2026-06-10 17:57:28.214897
745,H_151180100,2026-06-10 20:30:00.000000,114.0,3,2026-06-10 17:57:28.217379
746,H_151180110,2026-06-10 19:30:00.000000,9.999999999999998,2,2026-06-10 17:57:28.224803
747,H_151180110,2026-06-10 20:30:00.000000,8.999999999999998,3,2026-06-10 17:57:28.227301
748,H_151180120,2026-06-10 19:30:00.000000,60.0,2,2026-06-10 17:57:28.235104
749,H_151180120,2026-06-10 20:30:00.000000,59.99999999999999,3,2026-06-10 17:57:28.238614
750,H_151180130,2026-06-10 19:30:00.000000,391.8,2,2026-06-10 17:57:28.249027
751,H_151180130,2026-06-10 20:30:00.000000,392.2,3,2026-06-10 17:57:28.252998
752,H_151180150,2026-06-10 19:20:00.000000,148.8,2,2026-06-10 17:57:28.269599
753,H_151180150,2026-06-10 20:20:00.000000,149.2,3,2026-06-10 17:57:28.274902
754,H_151180160,2026-06-10 19:20:00.000000,105.8,2,2026-06-10 17:57:28.286073
755,H_151180160,2026-06-10 20:20:00.000000,106.4,3,2026-06-10 17:57:28.290539
756,H_151180180,2026-06-10 19:20:00.000000,113.6,2,2026-06-10 17:57:28.300894
757,H_151180180,2026-06-10 20:20:00.000000,114.2,3,2026-06-10 17:57:28.304930
758,H_151190010,2026-06-10 19:30:00.000000,74.2,2,2026-06-10 17:57:28.315939
759,H_151190010,2026-06-10 20:30:00.000000,74.2,3,2026-06-10 17:57:28.319884
760,H_151190020,2026-06-10 19:20:00.000000,112.0,2,2026-06-10 17:57:28.333349
761,H_151190020,2026-06-10 20:20:00.000000,110.5,3,2026-06-10 17:57:28.337115
762,H_151190030,2026-06-10 19:20:00.000000,101.2,2,2026-06-10 17:57:28.347851
763,H_151190030,2026-06-10 20:20:00.000000,103.0,3,2026-06-10 17:57:28.350904
764,H_151190060,2026-06-10 19:30:00.000000,76.6,2,2026-06-10 17:57:28.360673
765,H_151190060,2026-06-10 20:30:00.000000,77.0,3,2026-06-10 17:57:28.364044
766,H_151190070,2026-06-10 19:30:00.000000,152.5,2,2026-06-10 17:57:28.372372
767,H_151190070,2026-06-10 20:30:00.000000,173.99999999999977,3,2026-06-10 17:57:28.375364
768,H_151190080,2026-06-10 19:30:00.000000,250.8,2,2026-06-10 17:57:28.388354
769,H_151190080,2026-06-10 20:30:00.000000,251.0,3,2026-06-10 17:57:28.391832
770,H_151190100,2026-06-10 19:30:00.000000,132.0,2,2026-06-10 17:57:28.403062
771,H_151190100,2026-06-10 20:30:00.000000,132.0,3,2026-06-10 17:57:28.405873
772,H_151190120,2026-06-10 19:30:00.000000,186.909090909091,2,2026-06-10 17:57:28.418583
773,H_151190120,2026-06-10 20:30:00.000000,325.0909090909091,3,2026-06-10 17:57:28.421473
774,H_151200020,2026-06-10 19:30:00.000000,14.999999999999998,2,2026-06-10 17:57:28.431462
775,H_151200020,2026-06-10 20:30:00.000000,17.000000000000004,3,2026-06-10 17:57:28.435386
776,H_151200040,2026-06-10 19:30:00.000000,182.0000000000001,2,2026-06-10 17:57:28.446411
777,H_151200040,2026-06-10 20:30:00.000000,250.99999999999977,3,2026-06-10 17:57:28.449763
778,H_151200060,2026-06-10 19:30:00.000000,150.0,2,2026-06-10 17:57:28.463688
779,H_151200060,2026-06-10 20:30:00.000000,150.0,3,2026-06-10 17:57:28.466856
780,H_151200080,2026-06-10 19:30:00.000000,117.4,2,2026-06-10 17:57:28.480532
781,H_151200080,2026-06-10 20:30:00.000000,116.6,3,2026-06-10 17:57:28.485139
782,H_151200090,2026-06-10 19:30:00.000000,37.0,2,2026-06-10 17:57:28.497540
783,H_151200090,2026-06-10 20:30:00.000000,37.0,3,2026-06-10 17:57:28.502225
784,H_151200100,2026-06-10 19:30:00.000000,112.4,2,2026-06-10 17:57:28.515041
785,H_151200100,2026-06-10 20:30:00.000000,112.4,3,2026-06-10 17:57:28.518295
786,H_151200120,2026-06-10 19:30:00.000000,133.0,2,2026-06-10 17:57:28.531340
787,H_151200120,2026-06-10 20:30:00.000000,131.99999999999997,3,2026-06-10 17:57:28.534809
788,H_151210020,2026-06-10 19:30:00.000000,40.0,2,2026-06-10 17:57:28.547345
789,H_151210020,2026-06-10 20:30:00.000000,39.000000000000014,3,2026-06-10 17:57:28.550817
790,H_151210040,2026-06-10 19:30:00.000000,129.0,2,2026-06-10 17:57:28.560683
791,H_151210040,2026-06-10 20:30:00.000000,128.99999999999997,3,2026-06-10 17:57:28.563780
792,H_151210050,2026-06-10 19:30:00.000000,129.00000000000003,2,2026-06-10 17:57:28.573283
793,H_151210050,2026-06-10 20:30:00.000000,128.49999999999997,3,2026-06-10 17:57:28.577985
794,H_151210060,2026-06-10 19:30:00.000000,106.99999999999994,2,2026-06-10 17:57:28.586488
795,H_151210060,2026-06-10 20:30:00.000000,106.50000000000003,3,2026-06-10 17:57:28.590238
796,H_151210090,2026-06-10 19:30:00.000000,102.00000000000006,2,2026-06-10 17:57:28.601048
797,H_151210090,2026-06-10 20:30:00.000000,37.999999999999986,3,2026-06-10 17:57:28.604399
798,H_151210120,2026-06-10 19:30:00.000000,126.99999999999997,2,2026-06-10 17:57:28.612757
799,H_151210120,2026-06-10 20:30:00.000000,125.99999999999997,3,2026-06-10 17:57:28.615693
800,H_151210190,2026-06-10 19:30:00.000000,106.0,2,2026-06-10 17:57:28.623840
801,H_151210190,2026-06-10 20:30:00.000000,107.5,3,2026-06-10 17:57:28.626974
802,H_151220010,2026-06-10 19:30:00.000000,131.33333333333331,2,2026-06-10 17:57:28.636453
803,H_151220010,2026-06-10 20:30:00.000000,129.66666666666674,3,2026-06-10 17:57:28.639320
804,H_151220040,2026-06-10 19:30:00.000000,230.2,2,2026-06-10 17:57:28.650694
805,H_151220040,2026-06-10 20:30:00.000000,230.2,3,2026-06-10 17:57:28.655521
806,H_151220050,2026-06-10 19:30:00.000000,106.0,2,2026-06-10 17:57:28.668985
807,H_151220050,2026-06-10 20:30:00.000000,106.0,3,2026-06-10 17:57:28.672349
808,H_151220070,2026-06-10 19:30:00.000000,247.6,2,2026-06-10 17:57:28.684076
809,H_151220070,2026-06-10 20:30:00.000000,247.4,3,2026-06-10 17:57:28.687929
810,H_151220080,2026-06-10 19:30:00.000000,176.99999999999977,2,2026-06-10 17:57:28.703030
811,H_151220080,2026-06-10 20:30:00.000000,177.0,3,2026-06-10 17:57:28.708583
812,H_151220090,2026-06-10 19:20:00.000000,163.6,2,2026-06-10 17:57:28.722532
813,H_151220090,2026-06-10 20:20:00.000000,163.4,3,2026-06-10 17:57:28.727193
814,H_151220100,2026-06-10 19:30:00.000000,90.0,2,2026-06-10 17:57:28.743223
815,H_151220100,2026-06-10 20:30:00.000000,89.5,3,2026-06-10 17:57:28.747156
816,H_151220110,2026-06-10 19:30:00.000000,67.0,2,2026-06-10 17:57:28.761232
817,H_151220110,2026-06-10 20:30:00.000000,90.99999999999997,3,2026-06-10 17:57:28.764645
818,H_151220120,2026-06-10 19:30:00.000000,157.0,2,2026-06-10 17:57:28.775472
819,H_151220120,2026-06-10 20:30:00.000000,157.0,3,2026-06-10 17:57:28.778894
820,H_151220130,2026-06-10 19:30:00.000000,197.2,2,2026-06-10 17:57:28.788596
821,H_151220130,2026-06-10 20:30:00.000000,197.8,3,2026-06-10 17:57:28.791934
822,H_151220140,2026-06-10 19:30:00.000000,208.14285714285734,2,2026-06-10 17:57:28.804540
823,H_151220140,2026-06-10 20:30:00.000000,207.1428571428571,3,2026-06-10 17:57:28.807992
824,H_151220150,2026-06-10 19:30:00.000000,140.4,2,2026-06-10 17:57:28.820384
825,H_151220150,2026-06-10 20:30:00.000000,140.6,3,2026-06-10 17:57:28.824562
826,H_151230030,2026-06-10 19:30:00.000000,24.000000000000004,2,2026-06-10 17:57:28.838633
827,H_151230030,2026-06-10 20:30:00.000000,24.000000000000004,3,2026-06-10 17:57:28.842424
828,H_151230040,2026-06-10 19:30:00.000000,76.0,2,2026-06-10 17:57:28.860913
829,H_151230040,2026-06-10 20:30:00.000000,76.0,3,2026-06-10 17:57:28.865304
830,H_152140010,2026-06-10 19:30:00.000000,204.4,2,2026-06-10 17:57:28.882103
831,H_152140010,2026-06-10 20:30:00.000000,204.8,3,2026-06-10 17:57:28.887139
832,H_152140020,2026-06-10 19:30:00.000000,225.5,2,2026-06-10 17:57:28.910541
833,H_152140020,2026-06-10 20:30:00.000000,225.99999999999955,3,2026-06-10 17:57:28.914488
834,H_152140050,2026-06-10 19:30:00.000000,138.5866666666667,2,2026-06-10 17:57:28.925623
835,H_152140050,2026-06-10 20:30:00.000000,136.17999999999998,3,2026-06-10 17:57:28.929419
836,H_152140070,2026-06-10 19:30:00.000000,142.0,2,2026-06-10 17:57:28.940313
837,H_152140070,2026-06-10 20:30:00.000000,143.00000000000003,3,2026-06-10 17:57:28.944602
838,H_152140130,2026-06-10 19:30:00.000000,47.0,2,2026-06-10 17:57:28.956422
839,H_152140130,2026-06-10 20:30:00.000000,30.999999999999943,3,2026-06-10 17:57:28.959681
840,H_152150010,2026-06-10 19:30:00.000000,186.6,2,2026-06-10 17:57:28.967050
841,H_152150010,2026-06-10 20:30:00.000000,186.4,3,2026-06-10 17:57:28.969260
842,H_152150020,2026-06-10 19:30:00.000000,203.12735849056602,2,2026-06-10 17:57:28.977399
843,H_152150020,2026-06-10 20:30:00.000000,202.75471698113205,3,2026-06-10 17:57:28.979702
844,H_152150050,2026-06-10 19:30:00.000000,62.74999999999977,2,2026-06-10 17:57:28.987197
845,H_152150050,2026-06-10 20:30:00.000000,81.25000000000023,3,2026-06-10 17:57:28.989583
846,H_152150080,2026-06-10 19:30:00.000000,192.875,2,2026-06-10 17:57:28.996931
847,H_152150080,2026-06-10 20:30:00.000000,192.78749999999997,3,2026-06-10 17:57:28.999241
848,H_152150090,2026-06-10 19:30:00.000000,17.0,2,2026-06-10 17:57:29.006000
849,H_152150090,2026-06-10 20:30:00.000000,17.0,3,2026-06-10 17:57:29.008436
850,H_152150100,2026-06-10 19:30:00.000000,98.99999999999999,2,2026-06-10 17:57:29.021071
851,H_152150100,2026-06-10 20:30:00.000000,99.0,3,2026-06-10 17:57:29.023776
852,H_152150110,2026-06-10 19:30:00.000000,127.0,2,2026-06-10 17:57:29.034028
853,H_152150110,2026-06-10 20:30:00.000000,127.0,3,2026-06-10 17:57:29.036835
854,H_152150130,2026-06-10 19:30:00.000000,116.0,2,2026-06-10 17:57:29.044716
855,H_152150130,2026-06-10 20:30:00.000000,116.0,3,2026-06-10 17:57:29.046889
856,H_152150140,2026-06-10 19:30:00.000000,141.0,2,2026-06-10 17:57:29.054992
857,H_152150140,2026-06-10 20:30:00.000000,140.5,3,2026-06-10 17:57:29.057540
858,H_152150150,2026-06-10 19:30:00.000000,424.0,2,2026-06-10 17:57:29.068587
859,H_152150150,2026-06-10 20:30:00.000000,423.0,3,2026-06-10 17:57:29.072930
860,H_152150190,2026-06-10 19:30:00.000000,75.0,2,2026-06-10 17:57:29.085755
861,H_152150190,2026-06-10 20:30:00.000000,75.0,3,2026-06-10 17:57:29.090972
862,H_152150200,2026-06-10 19:30:00.000000,68.0,2,2026-06-10 17:57:29.101768
863,H_152150200,2026-06-10 20:30:00.000000,68.00000000000001,3,2026-06-10 17:57:29.105273
864,H_152150230,2026-06-10 19:30:00.000000,355.2,2,2026-06-10 17:57:29.118315
865,H_152150230,2026-06-10 20:30:00.000000,355.2,3,2026-06-10 17:57:29.123161
866,H_152150240,2026-06-10 19:30:00.000000,21.0,2,2026-06-10 17:57:29.136706
867,H_152150240,2026-06-10 20:30:00.000000,21.0,3,2026-06-10 17:57:29.141373
868,H_152160010,2026-06-10 19:30:00.000000,38.99999999999977,2,2026-06-10 17:57:29.154997
869,H_152160010,2026-06-10 20:30:00.000000,56.99999999999966,3,2026-06-10 17:57:29.160456
870,H_152160050,2026-06-10 19:30:00.000000,113.0,2,2026-06-10 17:57:29.168119
871,H_152160050,2026-06-10 20:30:00.000000,112.8,3,2026-06-10 17:57:29.171578
872,H_152160060,2026-06-10 19:30:00.000000,151.4,2,2026-06-10 17:57:29.180297
873,H_152160060,2026-06-10 20:30:00.000000,151.6,3,2026-06-10 17:57:29.182778
874,H_152160070,2026-06-10 19:30:00.000000,213.12500000000003,2,2026-06-10 17:57:29.190669
875,H_152160070,2026-06-10 20:30:00.000000,213.21875000000003,3,2026-06-10 17:57:29.193793
876,H_152160090,2026-06-10 19:30:00.000000,118.0,2,2026-06-10 17:57:29.201533
877,H_152160090,2026-06-10 20:30:00.000000,118.0,3,2026-06-10 17:57:29.203788
878,H_152160100,2026-06-10 19:30:00.000000,143.8,2,2026-06-10 17:57:29.210923
879,H_152160100,2026-06-10 20:30:00.000000,143.2,3,2026-06-10 17:57:29.213701
880,H_152160110,2026-06-10 19:30:00.000000,113.7222757955641,2,2026-06-10 17:57:29.220847
881,H_152160110,2026-06-10 20:30:00.000000,113.22974927675986,3,2026-06-10 17:57:29.223282
882,H_152160120,2026-06-10 19:30:00.000000,97.25,2,2026-06-10 17:57:29.230258
883,H_152160120,2026-06-10 20:30:00.000000,96.25,3,2026-06-10 17:57:29.232393
884,H_152160130,2026-06-10 19:30:00.000000,28.0,2,2026-06-10 17:57:29.238756
885,H_152160130,2026-06-10 20:30:00.000000,28.0,3,2026-06-10 17:57:29.241124
886,H_152160140,2026-06-10 19:30:00.000000,120.66666666666667,2,2026-06-10 17:57:29.247793
887,H_152160140,2026-06-10 20:30:00.000000,121.33333333333334,3,2026-06-10 17:57:29.250123
888,H_152160150,2026-06-10 19:30:00.000000,141.4,2,2026-06-10 17:57:29.258528
889,H_152160150,2026-06-10 20:30:00.000000,141.6,3,2026-06-10 17:57:29.261817
890,H_152170010,2026-06-10 19:30:00.000000,151.2,2,2026-06-10 17:57:29.272761
891,H_152170010,2026-06-10 20:30:00.000000,151.4,3,2026-06-10 17:57:29.276880
892,H_152170060,2026-06-10 19:30:00.000000,145.0000000000001,2,2026-06-10 17:57:29.287945
893,H_152170060,2026-06-10 20:30:00.000000,143.0,3,2026-06-10 17:57:29.292646
894,H_152170080,2026-06-10 19:30:00.000000,183.2,2,2026-06-10 17:57:29.305037
895,H_152170080,2026-06-10 20:30:00.000000,182.8,3,2026-06-10 17:57:29.310273
896,H_152170120,2026-06-10 19:30:00.000000,93.6,2,2026-06-10 17:57:29.324408
897,H_152170120,2026-06-10 20:30:00.000000,93.4,3,2026-06-10 17:57:29.329283
898,H_152170130,2026-06-10 19:30:00.000000,116.99999999999994,2,2026-06-10 17:57:29.342185
899,H_152170130,2026-06-10 20:30:00.000000,116.25,3,2026-06-10 17:57:29.346616
900,H_152170150,2026-06-10 19:30:00.000000,65.4,2,2026-06-10 17:57:29.360058
901,H_152170150,2026-06-10 20:30:00.000000,65.6,3,2026-06-10 17:57:29.364830
902,H_152179994,2026-06-10 19:30:00.000000,238.00000000000023,2,2026-06-10 17:57:29.375045
903,H_152179994,2026-06-10 20:30:00.000000,221.0000000000001,3,2026-06-10 17:57:29.378736
904,H_152180010,2026-06-10 19:30:00.000000,170.83333333333343,2,2026-06-10 17:57:29.388131
905,H_152180010,2026-06-10 20:30:00.000000,142.16666666666674,3,2026-06-10 17:57:29.391751
906,H_152180030,2026-06-10 19:30:00.000000,163.0,2,2026-06-10 17:57:29.402976
907,H_152180030,2026-06-10 20:30:00.000000,163.0,3,2026-06-10 17:57:29.405749
908,H_152180050,2026-06-10 19:30:00.000000,239.0,2,2026-06-10 17:57:29.413392
909,H_152180050,2026-06-10 20:30:00.000000,241.0,3,2026-06-10 17:57:29.415910
910,H_152180060,2026-06-10 19:30:00.000000,147.99999999999977,2,2026-06-10 17:57:29.424034
911,H_152180060,2026-06-10 20:30:00.000000,157.75,3,2026-06-10 17:57:29.427041
912,H_152180080,2026-06-10 19:30:00.000000,205.2,2,2026-06-10 17:57:29.434577
913,H_152180080,2026-06-10 20:30:00.000000,205.2,3,2026-06-10 17:57:29.437268
914,H_152180100,2026-06-10 19:30:00.000000,143.0,2,2026-06-10 17:57:29.445316
915,H_152180100,2026-06-10 20:30:00.000000,143.0,3,2026-06-10 17:57:29.447966
916,H_152180110,2026-06-10 19:30:00.000000,138.39473684210526,2,2026-06-10 17:57:29.459574
917,H_152180110,2026-06-10 20:30:00.000000,137.94736842105266,3,2026-06-10 17:57:29.463133
918,H_152180120,2026-06-10 19:30:00.000000,190.0,2,2026-06-10 17:57:29.476227
919,H_152180120,2026-06-10 20:30:00.000000,190.0,3,2026-06-10 17:57:29.479470
920,H_152180140,2026-06-10 19:30:00.000000,93.0,2,2026-06-10 17:57:29.489356
921,H_152180140,2026-06-10 20:30:00.000000,93.0,3,2026-06-10 17:57:29.492851
922,H_152180150,2026-06-10 19:20:00.000000,106.66666666666666,2,2026-06-10 17:57:29.501280
923,H_152180150,2026-06-10 20:20:00.000000,103.66666666666669,3,2026-06-10 17:57:29.505287
924,H_152180160,2026-06-10 19:30:00.000000,292.9999999999999,2,2026-06-10 17:57:29.515586
925,H_152180160,2026-06-10 20:30:00.000000,296.0000000000001,3,2026-06-10 17:57:29.519689
926,H_152180180,2026-06-10 19:30:00.000000,90.0,2,2026-06-10 17:57:29.530656
927,H_152180180,2026-06-10 20:30:00.000000,90.0,3,2026-06-10 17:57:29.533898
928,H_152190020,2026-06-10 19:30:00.000000,81.0,2,2026-06-10 17:57:29.544536
929,H_152190020,2026-06-10 20:30:00.000000,81.0,3,2026-06-10 17:57:29.548381
930,H_152190030,2026-06-10 19:30:00.000000,88.17613636363636,2,2026-06-10 17:57:29.560331
931,H_152190030,2026-06-10 20:30:00.000000,89.57954545454545,3,2026-06-10 17:57:29.564022
932,H_152190040,2026-06-10 19:30:00.000000,82.4,2,2026-06-10 17:57:29.574082
933,H_152190040,2026-06-10 20:30:00.000000,82.6,3,2026-06-10 17:57:29.578253
934,H_152190050,2026-06-10 19:30:00.000000,127.0,2,2026-06-10 17:57:29.587139
935,H_152190050,2026-06-10 20:30:00.000000,127.0,3,2026-06-10 17:57:29.589549
936,H_152190100,2026-06-10 19:30:00.000000,225.4,2,2026-06-10 17:57:29.597588
937,H_152190100,2026-06-10 20:30:00.000000,225.6,3,2026-06-10 17:57:29.600173
938,H_152190110,2026-06-10 19:30:00.000000,30.0,2,2026-06-10 17:57:29.610530
939,H_152190110,2026-06-10 20:30:00.000000,30.000000000000004,3,2026-06-10 17:57:29.613386
940,H_152190120,2026-06-10 19:30:00.000000,180.4,2,2026-06-10 17:57:29.621876
941,H_152190120,2026-06-10 20:30:00.000000,180.6,3,2026-06-10 17:57:29.624657
942,H_152190160,2026-06-10 19:30:00.000000,91.8,2,2026-06-10 17:57:29.632769
943,H_152190160,2026-06-10 20:30:00.000000,91.8,3,2026-06-10 17:57:29.634943
944,H_152199992,2026-06-10 19:30:00.000000,185.0,2,2026-06-10 17:57:29.642829
945,H_152199992,2026-06-10 20:30:00.000000,184.99999999999997,3,2026-06-10 17:57:29.645523
946,H_152199995,2026-06-10 19:30:00.000000,122.33333333333334,2,2026-06-10 17:57:29.653079
947,H_152199995,2026-06-10 20:30:00.000000,121.66666666666666,3,2026-06-10 17:57:29.655512
948,H_152199997,2026-06-10 19:30:00.000000,226.75,2,2026-06-10 17:57:29.663109
949,H_152199997,2026-06-10 20:30:00.000000,227.24999999999997,3,2026-06-10 17:57:29.665633
950,H_152200010,2026-06-10 19:30:00.000000,264.0000000000002,2,2026-06-10 17:57:29.676335
951,H_152200010,2026-06-10 20:30:00.000000,263.99999999999955,3,2026-06-10 17:57:29.679674
952,H_152200020,2026-06-10 19:30:00.000000,244.50000000000023,2,2026-06-10 17:57:29.691914
953,H_152200020,2026-06-10 20:30:00.000000,213.0,3,2026-06-10 17:57:29.695244
954,H_152200030,2026-06-10 19:30:00.000000,254.0000000000001,2,2026-06-10 17:57:29.704914
955,H_152200030,2026-06-10 20:30:00.000000,253.9999999999999,3,2026-06-10 17:57:29.709728
956,H_152200050,2026-06-10 19:30:00.000000,57.0,2,2026-06-10 17:57:29.720989
957,H_152200050,2026-06-10 20:30:00.000000,60.999999999999986,3,2026-06-10 17:57:29.725833
958,H_152200070,2026-06-10 19:30:00.000000,98.0,2,2026-06-10 17:57:29.736833
959,H_152200070,2026-06-10 20:30:00.000000,99.50000000000001,3,2026-06-10 17:57:29.740153
960,H_152200090,2026-06-10 19:30:00.000000,212.00000000000023,2,2026-06-10 17:57:29.751874
961,H_152200090,2026-06-10 20:30:00.000000,212.0,3,2026-06-10 17:57:29.755867
962,H_152200100,2026-06-10 19:30:00.000000,170.2,2,2026-06-10 17:57:29.767596
963,H_152200100,2026-06-10 20:30:00.000000,170.8,3,2026-06-10 17:57:29.771509
964,H_152200110,2026-06-10 19:30:00.000000,214.0,2,2026-06-10 17:57:29.781444
965,H_152200110,2026-06-10 20:30:00.000000,214.0,3,2026-06-10 17:57:29.785177
966,H_152200130,2026-06-10 19:20:00.000000,42.49999999999999,2,2026-06-10 17:57:29.796405
967,H_152200130,2026-06-10 20:20:00.000000,42.49999999999999,3,2026-06-10 17:57:29.799803
968,H_152200150,2026-06-10 19:30:00.000000,242.4,2,2026-06-10 17:57:29.808444
969,H_152200150,2026-06-10 20:30:00.000000,242.4,3,2026-06-10 17:57:29.811355
970,H_152209994,2026-06-10 19:30:00.000000,74.33333333333334,2,2026-06-10 17:57:29.818546
971,H_152209994,2026-06-10 20:30:00.000000,74.66666666666667,3,2026-06-10 17:57:29.820822
972,H_152209996,2026-06-10 19:30:00.000000,196.99999999999997,2,2026-06-10 17:57:29.827565
973,H_152209996,2026-06-10 20:30:00.000000,197.25000000000006,3,2026-06-10 17:57:29.829757
974,H_152209997,2026-06-10 19:30:00.000000,121.2,2,2026-06-10 17:57:29.836201
975,H_152209997,2026-06-10 20:30:00.000000,120.8,3,2026-06-10 17:57:29.838533
976,H_152210020,2026-06-10 19:30:00.000000,159.99999999999997,2,2026-06-10 17:57:29.845290
977,H_152210020,2026-06-10 20:30:00.000000,164.99999999999994,3,2026-06-10 17:57:29.847390
978,H_152210060,2026-06-10 19:30:00.000000,125.33333333333333,2,2026-06-10 17:57:29.854438
979,H_152210060,2026-06-10 20:30:00.000000,125.33333333333331,3,2026-06-10 17:57:29.857215
980,H_152210070,2026-06-10 19:30:00.000000,53.0,2,2026-06-10 17:57:29.864238
981,H_152210070,2026-06-10 20:30:00.000000,53.0,3,2026-06-10 17:57:29.866344
982,H_152210090,2026-06-10 19:30:00.000000,169.0,2,2026-06-10 17:57:29.873278
983,H_152210090,2026-06-10 20:30:00.000000,170.0,3,2026-06-10 17:57:29.875867
984,H_152210110,2026-06-10 19:30:00.000000,216.0,2,2026-06-10 17:57:29.885021
985,H_152210110,2026-06-10 20:30:00.000000,216.0,3,2026-06-10 17:57:29.889290
986,H_152210120,2026-06-10 19:30:00.000000,101.0,2,2026-06-10 17:57:29.901387
987,H_152210120,2026-06-10 20:30:00.000000,101.0,3,2026-06-10 17:57:29.906959
988,H_152210150,2026-06-10 19:30:00.000000,210.0,2,2026-06-10 17:57:29.917828
989,H_152210150,2026-06-10 20:30:00.000000,214.0,3,2026-06-10 17:57:29.922167
990,H_152210170,2026-06-10 19:30:00.000000,137.0,2,2026-06-10 17:57:29.933826
991,H_152210170,2026-06-10 20:30:00.000000,137.0,3,2026-06-10 17:57:29.937855
992,H_152210180,2026-06-10 19:30:00.000000,172.75,2,2026-06-10 17:57:29.949269
993,H_152210180,2026-06-10 20:30:00.000000,173.24999999999997,3,2026-06-10 17:57:29.953238
994,H_152219996,2026-06-10 19:30:00.000000,205.2,2,2026-06-10 17:57:29.964902
995,H_152219996,2026-06-10 20:30:00.000000,205.4,3,2026-06-10 17:57:29.969598
996,H_152220010,2026-06-10 19:30:00.000000,149.0,2,2026-06-10 17:57:29.981098
997,H_152220010,2026-06-10 20:30:00.000000,150.99999999999994,3,2026-06-10 17:57:29.985274
998,H_152220030,2026-06-10 19:30:00.000000,228.33333333333326,2,2026-06-10 17:57:29.996297
999,H_152220030,2026-06-10 20:30:00.000000,210.0,3,2026-06-10 17:57:29.999641
1000,H_152220050,2026-06-10 19:30:00.000000,44.6,2,2026-06-10 17:57:30.008205
1001,H_152220050,2026-06-10 20:30:00.000000,44.4,3,2026-06-10 17:57:30.011413
1002,H_152220070,2026-06-10 19:30:00.000000,75.99999999999997,2,2026-06-10 17:57:30.018616
1003,H_152220070,2026-06-10 20:30:00.000000,73.99999999999997,3,2026-06-10 17:57:30.020715
1004,H_152220080,2026-06-10 19:30:00.000000,104.0,2,2026-06-10 17:57:30.028541
1005,H_152220080,2026-06-10 20:30:00.000000,104.0,3,2026-06-10 17:57:30.031667
1006,H_152229999,2026-06-10 19:30:00.000000,101.8,2,2026-06-10 17:57:30.041541
1007,H_152229999,2026-06-10 20:30:00.000000,101.8,3,2026-06-10 17:57:30.044895
1008,H_152230020,2026-06-10 19:30:00.000000,128.8,2,2026-06-10 17:57:30.054964
1009,H_152230020,2026-06-10 20:30:00.000000,128.8,3,2026-06-10 17:57:30.057898
1010,H_152230030,2026-06-10 19:30:00.000000,6.133333333333212,2,2026-06-10 17:57:30.065290
1011,H_152230030,2026-06-10 20:30:00.000000,9.733333333333348,3,2026-06-10 17:57:30.068598
1012,H_152230040,2026-06-10 19:30:00.000000,178.0,2,2026-06-10 17:57:30.081778
1013,H_152230040,2026-06-10 20:30:00.000000,178.0,3,2026-06-10 17:57:30.085918
1014,H_152230070,2026-06-10 19:30:00.000000,206.0,2,2026-06-10 17:57:30.098443
1015,H_152230070,2026-06-10 20:30:00.000000,206.0,3,2026-06-10 17:57:30.103710
1016,H_152230080,2026-06-10 19:20:00.000000,113.0,2,2026-06-10 17:57:30.117624
1017,H_152230080,2026-06-10 20:20:00.000000,114.5,3,2026-06-10 17:57:30.122273
1018,H_152230090,2026-06-10 19:30:00.000000,116.99999999999997,2,2026-06-10 17:57:30.137244
1019,H_152230090,2026-06-10 20:30:00.000000,117.0,3,2026-06-10 17:57:30.141498
1020,H_152230100,2026-06-10 19:30:00.000000,118.5,2,2026-06-10 17:57:30.155006
1021,H_152230100,2026-06-10 20:30:00.000000,119.0,3,2026-06-10 17:57:30.159512
1022,H_152230110,2026-06-10 19:30:00.000000,158.0,2,2026-06-10 17:57:30.170221
1023,H_152230110,2026-06-10 20:30:00.000000,158.0,3,2026-06-10 17:57:30.173583
1024,H_152230120,2026-06-10 19:30:00.000000,160.0,2,2026-06-10 17:57:30.184614
1025,H_152230120,2026-06-10 20:30:00.000000,160.0,3,2026-06-10 17:57:30.187873
1026,H_152230190,2026-06-10 19:30:00.000000,89.6,2,2026-06-10 17:57:30.197632
1027,H_152230190,2026-06-10 20:30:00.000000,89.4,3,2026-06-10 17:57:30.200494
1028,H_152230200,2026-06-10 19:30:00.000000,206.0,2,2026-06-10 17:57:30.211108
1029,H_152230200,2026-06-10 20:30:00.000000,206.0,3,2026-06-10 17:57:30.213396
1030,H_153140010,2026-06-10 19:30:00.000000,498.10019850647507,2,2026-06-10 17:57:30.220597
1031,H_153140010,2026-06-10 20:30:00.000000,489.2746478873238,3,2026-06-10 17:57:30.222931
1032,H_153140020,2026-06-10 19:30:00.000000,546.6811145510837,2,2026-06-10 17:57:30.230190
1033,H_153140020,2026-06-10 20:30:00.000000,560.9907120743035,3,2026-06-10 17:57:30.232636
1034,H_153140030,2026-06-10 19:30:00.000000,535.0232558139537,2,2026-06-10 17:57:30.239894
1035,H_153140030,2026-06-10 20:30:00.000000,597.6976744186036,3,2026-06-10 17:57:30.242453
1036,H_153140040,2026-06-10 19:30:00.000000,464.0612626073962,2,2026-06-10 17:57:30.249351
1037,H_153140040,2026-06-10 20:30:00.000000,476.51662308554353,3,2026-06-10 17:57:30.251631
1038,H_153140050,2026-06-10 19:30:00.000000,408.5697674418602,2,2026-06-10 17:57:30.259175
1039,H_153140050,2026-06-10 20:30:00.000000,568.2209302325587,3,2026-06-10 17:57:30.261282
1040,H_153140060,2026-06-10 19:30:00.000000,482.0285714285716,2,2026-06-10 17:57:30.268000
1041,H_153140060,2026-06-10 20:30:00.000000,432.5357142857142,3,2026-06-10 17:57:30.270161
1042,H_153140070,2026-06-10 19:30:00.000000,478.73458646616564,2,2026-06-10 17:57:30.276708
1043,H_153140070,2026-06-10 20:30:00.000000,480.97218045112777,3,2026-06-10 17:57:30.279228
1044,H_153140090,2026-06-10 19:30:00.000000,98.0,2,2026-06-10 17:57:30.293891
1045,H_153140090,2026-06-10 20:30:00.000000,98.0,3,2026-06-10 17:57:30.297598
1046,H_153140100,2026-06-10 19:30:00.000000,146.0,2,2026-06-10 17:57:30.310612
1047,H_153140100,2026-06-10 20:30:00.000000,146.0,3,2026-06-10 17:57:30.313482
1048,H_153140200,2026-06-10 19:30:00.000000,135.50000000000006,2,2026-06-10 17:57:30.324832
1049,H_153140200,2026-06-10 20:30:00.000000,111.75000000000003,3,2026-06-10 17:57:30.328926
1050,H_153150010,2026-06-10 19:30:00.000000,42.00000000000006,2,2026-06-10 17:57:30.339429
1051,H_153150010,2026-06-10 20:30:00.000000,42.00000000000006,3,2026-06-10 17:57:30.343755
1052,H_153150090,2026-06-10 19:30:00.000000,295.0,2,2026-06-10 17:57:30.352357
1053,H_153150090,2026-06-10 20:30:00.000000,295.0,3,2026-06-10 17:57:30.356115
1054,H_153150190,2026-06-10 19:30:00.000000,121.6,2,2026-06-10 17:57:30.366080
1055,H_153150190,2026-06-10 20:30:00.000000,121.4,3,2026-06-10 17:57:30.369653
1056,H_153160040,2026-06-10 19:30:00.000000,99.8,2,2026-06-10 17:57:30.381522
1057,H_153160040,2026-06-10 20:30:00.000000,99.6,3,2026-06-10 17:57:30.385082
1058,H_153160070,2026-06-10 19:30:00.000000,49.4,2,2026-06-10 17:57:30.396986
1059,H_153160070,2026-06-10 20:30:00.000000,49.6,3,2026-06-10 17:57:30.400219
1060,H_153160160,2026-06-10 19:30:00.000000,203.0,2,2026-06-10 17:57:30.412763
1061,H_153160160,2026-06-10 20:30:00.000000,203.0,3,2026-06-10 17:57:30.416086
1062,H_153160170,2026-06-10 19:30:00.000000,205.4,2,2026-06-10 17:57:30.424895
1063,H_153160170,2026-06-10 20:30:00.000000,205.6,3,2026-06-10 17:57:30.427807
1064,H_153160180,2026-06-10 19:30:00.000000,118.69999999999993,2,2026-06-10 17:57:30.435790
1065,H_153160180,2026-06-10 20:30:00.000000,116.39999999999998,3,2026-06-10 17:57:30.438161
1066,H_153160210,2026-06-10 19:30:00.000000,223.6578947368421,2,2026-06-10 17:57:30.446177
1067,H_153160210,2026-06-10 20:30:00.000000,223.4210526315789,3,2026-06-10 17:57:30.448407
1068,H_153170010,2026-06-10 19:30:00.000000,234.0,2,2026-06-10 17:57:30.456136
1069,H_153170010,2026-06-10 20:30:00.000000,234.0,3,2026-06-10 17:57:30.459110
1070,H_153170100,2026-06-10 19:30:00.000000,287.6,2,2026-06-10 17:57:30.466171
1071,H_153170100,2026-06-10 20:30:00.000000,288.0,3,2026-06-10 17:57:30.468315
1072,H_153170140,2026-06-10 19:30:00.000000,177.30379746835445,2,2026-06-10 17:57:30.474825
1073,H_153170140,2026-06-10 20:30:00.000000,177.83544303797467,3,2026-06-10 17:57:30.477078
1074,H_153180010,2026-06-10 19:30:00.000000,45.0,2,2026-06-10 17:57:30.483583
1075,H_153180010,2026-06-10 20:30:00.000000,45.0,3,2026-06-10 17:57:30.485947
1076,H_153180020,2026-06-10 19:20:00.000000,123.99999999999994,2,2026-06-10 17:57:30.492869
1077,H_153180020,2026-06-10 20:20:00.000000,125.00000000000006,3,2026-06-10 17:57:30.495396
1078,H_153180030,2026-06-10 19:30:00.000000,76.66666666666669,2,2026-06-10 17:57:30.503379
1079,H_153180030,2026-06-10 20:30:00.000000,76.66666666666669,3,2026-06-10 17:57:30.506145
1080,H_153180060,2026-06-10 19:30:00.000000,0.0,2,2026-06-10 17:57:30.515380
1081,H_153180060,2026-06-10 20:30:00.000000,246.4,3,2026-06-10 17:57:30.517652
1082,H_153180080,2026-06-10 19:30:00.000000,157.0,2,2026-06-10 17:57:30.528976
1083,H_153180080,2026-06-10 20:30:00.000000,158.0,3,2026-06-10 17:57:30.532980
1084,H_153180090,2026-06-10 19:30:00.000000,114.4,2,2026-06-10 17:57:30.543913
1085,H_153180090,2026-06-10 20:30:00.000000,112.4,3,2026-06-10 17:57:30.547802
1086,H_153180110,2026-06-10 19:30:00.000000,0.0,2,2026-06-10 17:57:30.559788
1087,H_153180110,2026-06-10 20:30:00.000000,11.75,3,2026-06-10 17:57:30.564364
1088,H_153180120,2026-06-10 19:30:00.000000,515.673370522607,2,2026-06-10 17:57:30.577203
1089,H_153180120,2026-06-10 20:30:00.000000,497.5105695830887,3,2026-06-10 17:57:30.580452
1090,H_153180130,2026-06-10 19:30:00.000000,143.0,2,2026-06-10 17:57:30.593042
1091,H_153180130,2026-06-10 20:30:00.000000,128.0,3,2026-06-10 17:57:30.596587
1092,H_153190010,2026-06-10 19:30:00.000000,93.36118598382751,2,2026-06-10 17:57:30.610106
1093,H_153190010,2026-06-10 20:30:00.000000,96.14285714285711,3,2026-06-10 17:57:30.613247
1094,H_153190030,2026-06-10 19:30:00.000000,268.0,2,2026-06-10 17:57:30.622069
1095,H_153190030,2026-06-10 20:30:00.000000,268.0,3,2026-06-10 17:57:30.625296
1096,H_153190040,2026-06-10 19:30:00.000000,698.5000000000002,2,2026-06-10 17:57:30.633831
1097,H_153190040,2026-06-10 20:30:00.000000,696.9999999999998,3,2026-06-10 17:57:30.636664
1098,H_153190080,2026-06-10 19:30:00.000000,896.0,2,2026-06-10 17:57:30.646165
1099,H_153190080,2026-06-10 20:30:00.000000,895.6666666666666,3,2026-06-10 17:57:30.648643
1100,H_153190090,2026-06-10 19:30:00.000000,140.4,2,2026-06-10 17:57:30.655560
1101,H_153190090,2026-06-10 20:30:00.000000,140.6,3,2026-06-10 17:57:30.657873
1102,H_153190100,2026-06-10 19:30:00.000000,69.6,2,2026-06-10 17:57:30.665213
1103,H_153190100,2026-06-10 20:30:00.000000,69.4,3,2026-06-10 17:57:30.667843
1104,H_153190120,2026-06-10 19:30:00.000000,153.33333333333337,2,2026-06-10 17:57:30.675140
1105,H_153190120,2026-06-10 20:30:00.000000,158.4999999999999,3,2026-06-10 17:57:30.677611
1106,H_153190130,2026-06-10 19:30:00.000000,48.0,2,2026-06-10 17:57:30.684522
1107,H_153190130,2026-06-10 20:30:00.000000,48.0,3,2026-06-10 17:57:30.686877
1108,H_153190140,2026-06-10 19:30:00.000000,752.0,2,2026-06-10 17:57:30.694128
1109,H_153190140,2026-06-10 20:30:00.000000,752.0,3,2026-06-10 17:57:30.696786
1110,H_153190150,2026-06-10 19:30:00.000000,39.00000000000001,2,2026-06-10 17:57:30.703624
1111,H_153190150,2026-06-10 20:30:00.000000,38.5,3,2026-06-10 17:57:30.706011
1112,H_153190170,2026-06-10 19:30:00.000000,447.6,2,2026-06-10 17:57:30.716484
1113,H_153190170,2026-06-10 20:30:00.000000,447.4,3,2026-06-10 17:57:30.720007
1114,H_153190180,2026-06-10 19:30:00.000000,318.0,2,2026-06-10 17:57:30.731611
1115,H_153190180,2026-06-10 20:30:00.000000,318.0,3,2026-06-10 17:57:30.735500
1116,H_153190190,2026-06-10 19:30:00.000000,122.0,2,2026-06-10 17:57:30.746825
1117,H_153190190,2026-06-10 20:30:00.000000,122.0,3,2026-06-10 17:57:30.749916
1118,H_153200010,2026-06-10 19:30:00.000000,113.8,2,2026-06-10 17:57:30.761936
1119,H_153200010,2026-06-10 20:30:00.000000,114.2,3,2026-06-10 17:57:30.765555
1120,H_153200020,2026-06-10 19:30:00.000000,149.0,2,2026-06-10 17:57:30.775306
1121,H_153200020,2026-06-10 20:30:00.000000,174.0000000000001,3,2026-06-10 17:57:30.779300
1122,H_153200030,2026-06-10 19:30:00.000000,78.0,2,2026-06-10 17:57:30.790088
1123,H_153200030,2026-06-10 20:30:00.000000,80.00000000000001,3,2026-06-10 17:57:30.794829
1124,H_153200040,2026-06-10 19:30:00.000000,166.0,2,2026-06-10 17:57:30.806173
1125,H_153200040,2026-06-10 20:30:00.000000,166.0,3,2026-06-10 17:57:30.810630
1126,H_153200050,2026-06-10 19:30:00.000000,100.0,2,2026-06-10 17:57:30.821241
1127,H_153200050,2026-06-10 20:30:00.000000,100.00000000000001,3,2026-06-10 17:57:30.824067
1128,H_153200070,2026-06-10 19:30:00.000000,105.74999999999994,2,2026-06-10 17:57:30.832814
1129,H_153200070,2026-06-10 20:30:00.000000,104.75,3,2026-06-10 17:57:30.835959
1130,H_153200090,2026-06-10 19:30:00.000000,207.0,2,2026-06-10 17:57:30.844471
1131,H_153200090,2026-06-10 20:30:00.000000,207.0,3,2026-06-10 17:57:30.847449
1132,H_153210070,2026-06-10 19:30:00.000000,65.2,2,2026-06-10 17:57:30.854327
1133,H_153210070,2026-06-10 20:30:00.000000,64.8,3,2026-06-10 17:57:30.857099
1134,H_153210090,2026-06-10 19:30:00.000000,42.333333333333336,2,2026-06-10 17:57:30.864459
1135,H_153210090,2026-06-10 20:30:00.000000,42.66666666666667,3,2026-06-10 17:57:30.866620
1136,H_153210120,2026-06-10 19:30:00.000000,146.0,2,2026-06-10 17:57:30.873122
1137,H_153210120,2026-06-10 20:30:00.000000,146.0,3,2026-06-10 17:57:30.875295
1138,H_153210130,2026-06-10 19:30:00.000000,257.0,2,2026-06-10 17:57:30.882435
1139,H_153210130,2026-06-10 20:30:00.000000,254.99999999999997,3,2026-06-10 17:57:30.885312
1140,H_153210170,2026-06-10 19:30:00.000000,46.6,2,2026-06-10 17:57:30.893984
1141,H_153210170,2026-06-10 20:30:00.000000,46.4,3,2026-06-10 17:57:30.897801
1142,H_153210180,2026-06-10 19:30:00.000000,101.33333333333333,2,2026-06-10 17:57:30.905626
1143,H_153210180,2026-06-10 20:30:00.000000,100.66666666666666,3,2026-06-10 17:57:30.909028
1144,H_153210190,2026-06-10 19:30:00.000000,114.49999999999999,2,2026-06-10 17:57:30.920160
1145,H_153210190,2026-06-10 20:30:00.000000,115.0,3,2026-06-10 17:57:30.924011
1146,H_153210200,2026-06-10 19:30:00.000000,34.0,2,2026-06-10 17:57:30.934711
1147,H_153210200,2026-06-10 20:30:00.000000,34.2,3,2026-06-10 17:57:30.940426
1148,H_153210210,2026-06-10 19:30:00.000000,122.0,2,2026-06-10 17:57:30.952471
1149,H_153210210,2026-06-10 20:30:00.000000,122.0,3,2026-06-10 17:57:30.956978
1150,H_153210220,2026-06-10 19:30:00.000000,73.99999999999999,2,2026-06-10 17:57:30.967738
1151,H_153210220,2026-06-10 20:30:00.000000,72.50000000000001,3,2026-06-10 17:57:30.972394
1152,H_153220010,2026-06-10 19:30:00.000000,67.6,2,2026-06-10 17:57:30.983439
1153,H_153220010,2026-06-10 20:30:00.000000,67.6,3,2026-06-10 17:57:30.988728
1154,H_153220050,2026-06-10 19:30:00.000000,165.0,2,2026-06-10 17:57:30.999703
1155,H_153220050,2026-06-10 20:30:00.000000,170.0000000000001,3,2026-06-10 17:57:31.003816
1156,H_153220060,2026-06-10 19:30:00.000000,112.2,2,2026-06-10 17:57:31.014983
1157,H_153220060,2026-06-10 20:30:00.000000,111.8,3,2026-06-10 17:57:31.018249
1158,H_153220070,2026-06-10 19:30:00.000000,147.2,2,2026-06-10 17:57:31.029361
1159,H_153220070,2026-06-10 20:30:00.000000,146.8,3,2026-06-10 17:57:31.032550
1160,H_153220090,2026-06-10 19:30:00.000000,262.6,2,2026-06-10 17:57:31.041460
1161,H_153220090,2026-06-10 20:30:00.000000,262.4,3,2026-06-10 17:57:31.045310
1162,H_153220100,2026-06-10 19:30:00.000000,150.0,2,2026-06-10 17:57:31.054093
1163,H_153220100,2026-06-10 20:30:00.000000,149.8,3,2026-06-10 17:57:31.057175
1164,H_153220130,2026-06-10 19:30:00.000000,111.00000000000003,2,2026-06-10 17:57:31.065903
1165,H_153220130,2026-06-10 20:30:00.000000,115.99999999999999,3,2026-06-10 17:57:31.069425
1166,H_153220180,2026-06-10 19:30:00.000000,255.0,2,2026-06-10 17:57:31.077357
1167,H_153220180,2026-06-10 20:30:00.000000,255.0,3,2026-06-10 17:57:31.081136
1168,H_153220190,2026-06-10 19:30:00.000000,206.0,2,2026-06-10 17:57:31.089000
1169,H_153220190,2026-06-10 20:30:00.000000,206.0,3,2026-06-10 17:57:31.092103
1170,H_153220200,2026-06-10 19:30:00.000000,105.4,2,2026-06-10 17:57:31.099980
1171,H_153220200,2026-06-10 20:30:00.000000,105.6,3,2026-06-10 17:57:31.103029
1172,H_153220230,2026-06-10 19:30:00.000000,70.00000000000023,2,2026-06-10 17:57:31.111877
1173,H_153220230,2026-06-10 20:30:00.000000,86.25,3,2026-06-10 17:57:31.114253
1174,H_153220260,2026-06-10 19:30:00.000000,178.5,2,2026-06-10 17:57:31.122912
1175,H_153220260,2026-06-10 20:30:00.000000,185.0,3,2026-06-10 17:57:31.127093
1176,H_153220270,2026-06-10 19:30:00.000000,360.6,2,2026-06-10 17:57:31.139343
1177,H_153220270,2026-06-10 20:30:00.000000,360.4,3,2026-06-10 17:57:31.144310
1178,H_153230010,2026-06-10 19:30:00.000000,143.00000000000003,2,2026-06-10 17:57:31.157346
1179,H_153230010,2026-06-10 20:30:00.000000,144.0,3,2026-06-10 17:57:31.161035
1180,H_153230060,2026-06-10 19:30:00.000000,217.0,2,2026-06-10 17:57:31.176115
1181,H_153230060,2026-06-10 20:30:00.000000,216.6,3,2026-06-10 17:57:31.180270
1182,H_153230070,2026-06-10 19:30:00.000000,126.8,2,2026-06-10 17:57:31.191696
1183,H_153230070,2026-06-10 20:30:00.000000,127.2,3,2026-06-10 17:57:31.196593
1184,H_153230080,2026-06-10 19:20:00.000000,39.999999999999986,2,2026-06-10 17:57:31.208695
1185,H_153230080,2026-06-10 20:20:00.000000,40.00000000000004,3,2026-06-10 17:57:31.213218
1186,H_153230110,2026-06-10 19:30:00.000000,108.6,2,2026-06-10 17:57:31.224707
1187,H_153230110,2026-06-10 20:30:00.000000,108.4,3,2026-06-10 17:57:31.229251
1188,H_153230140,2026-06-10 19:30:00.000000,180.4,2,2026-06-10 17:57:31.238105
1189,H_153230140,2026-06-10 20:30:00.000000,179.6,3,2026-06-10 17:57:31.240600
1190,H_153230160,2026-06-10 19:30:00.000000,155.0,2,2026-06-10 17:57:31.248791
1191,H_153230160,2026-06-10 20:30:00.000000,155.0,3,2026-06-10 17:57:31.251409
1192,H_153230170,2026-06-10 19:30:00.000000,139.2,2,2026-06-10 17:57:31.257937
1193,H_153230170,2026-06-10 20:30:00.000000,138.8,3,2026-06-10 17:57:31.260143
1194,H_154150010,2026-06-10 19:30:00.000000,135.66666666666669,2,2026-06-10 17:57:31.266761
1195,H_154150010,2026-06-10 20:30:00.000000,135.33333333333334,3,2026-06-10 17:57:31.268765
1196,H_154150030,2026-06-10 19:30:00.000000,496.7659842961301,2,2026-06-10 17:57:31.274931
1197,H_154150030,2026-06-10 20:30:00.000000,496.9608805384184,3,2026-06-10 17:57:31.277203
1198,H_154150050,2026-06-10 19:30:00.000000,79.99999999999999,2,2026-06-10 17:57:31.283534
1199,H_154150050,2026-06-10 20:30:00.000000,79.00000000000001,3,2026-06-10 17:57:31.285483
1200,H_154150080,2026-06-10 19:30:00.000000,491.17927086471826,2,2026-06-10 17:57:31.291800
1201,H_154150080,2026-06-10 20:30:00.000000,493.8009942753842,3,2026-06-10 17:57:31.293847
1202,H_154160020,2026-06-10 19:30:00.000000,0.0,2,2026-06-10 17:57:31.300033
1203,H_154160020,2026-06-10 20:30:00.000000,167.83333333333326,3,2026-06-10 17:57:31.301929
1204,H_154160140,2026-06-10 19:30:00.000000,170.00000000000003,2,2026-06-10 17:57:31.308290
1205,H_154160140,2026-06-10 20:30:00.000000,171.0,3,2026-06-10 17:57:31.310308
1206,H_154170010,2026-06-10 19:30:00.000000,105.6,2,2026-06-10 17:57:31.316517
1207,H_154170010,2026-06-10 20:30:00.000000,107.4,3,2026-06-10 17:57:31.318488
1208,H_154170030,2026-06-10 19:30:00.000000,218.9999999999999,2,2026-06-10 17:57:31.325832
1209,H_154170030,2026-06-10 20:30:00.000000,225.99999999999977,3,2026-06-10 17:57:31.328777
1210,H_154170060,2026-06-10 19:30:00.000000,29.750000000000004,2,2026-06-10 17:57:31.339946
1211,H_154170060,2026-06-10 20:30:00.000000,30.250000000000004,3,2026-06-10 17:57:31.343345
1212,H_154170070,2026-06-10 19:30:00.000000,886.2540804815528,2,2026-06-10 17:57:31.353079
1213,H_154170070,2026-06-10 20:30:00.000000,0.0,3,2026-06-10 17:57:31.358114
1214,H_154170080,2026-06-10 19:30:00.000000,58.0,2,2026-06-10 17:57:31.369986
1215,H_154170080,2026-06-10 20:30:00.000000,58.2,3,2026-06-10 17:57:31.374511
1216,H_154170090,2026-06-10 19:30:00.000000,506.0,2,2026-06-10 17:57:31.385638
1217,H_154170090,2026-06-10 20:30:00.000000,506.00000000000006,3,2026-06-10 17:57:31.390285
1218,H_154170100,2026-06-10 19:30:00.000000,496.88145185632345,2,2026-06-10 17:57:31.402319
1219,H_154170100,2026-06-10 20:30:00.000000,497.44129188047077,3,2026-06-10 17:57:31.406867
1220,H_154170110,2026-06-10 19:30:00.000000,144.9999999999999,2,2026-06-10 17:57:31.418902
1221,H_154170110,2026-06-10 20:30:00.000000,145.0,3,2026-06-10 17:57:31.423609
1222,H_154170120,2026-06-10 19:30:00.000000,27.0,2,2026-06-10 17:57:31.434826
1223,H_154170120,2026-06-10 20:30:00.000000,27.0,3,2026-06-10 17:57:31.438996
1224,H_154170150,2026-06-10 19:30:00.000000,38.0,2,2026-06-10 17:57:31.447572
1225,H_154170150,2026-06-10 20:30:00.000000,38.0,3,2026-06-10 17:57:31.450977
1226,H_154170160,2026-06-10 19:30:00.000000,104.6,2,2026-06-10 17:57:31.459939
1227,H_154170160,2026-06-10 20:30:00.000000,104.2,3,2026-06-10 17:57:31.463503
1228,H_154170190,2026-06-10 19:30:00.000000,488.99999999999994,2,2026-06-10 17:57:31.472792
1229,H_154170190,2026-06-10 20:30:00.000000,489.0,3,2026-06-10 17:57:31.476143
1230,H_154170230,2026-06-10 19:30:00.000000,49.6,2,2026-06-10 17:57:31.483411
1231,H_154170230,2026-06-10 20:30:00.000000,49.4,3,2026-06-10 17:57:31.487183
1232,H_154170320,2026-06-10 19:30:00.000000,94.0,2,2026-06-10 17:57:31.495967
1233,H_154170320,2026-06-10 20:30:00.000000,92.49999999999999,3,2026-06-10 17:57:31.499458
1234,H_154170330,2026-06-10 19:30:00.000000,480.70192307692287,2,2026-06-10 17:57:31.507452
1235,H_154170330,2026-06-10 20:30:00.000000,501.91346153846155,3,2026-06-10 17:57:31.511138
1236,H_154170340,2026-06-10 19:30:00.000000,146.8,2,2026-06-10 17:57:31.520035
1237,H_154170340,2026-06-10 20:30:00.000000,148.4,3,2026-06-10 17:57:31.523374
1238,H_154179998,2026-06-10 19:30:00.000000,87.0,2,2026-06-10 17:57:31.532958
1239,H_154179998,2026-06-10 20:30:00.000000,87.2,3,2026-06-10 17:57:31.537046
1240,H_154180020,2026-06-10 19:30:00.000000,142.0,2,2026-06-10 17:57:31.549345
1241,H_154180020,2026-06-10 20:30:00.000000,142.0,3,2026-06-10 17:57:31.553788
1242,H_154180030,2026-06-10 19:30:00.000000,31.214285714285715,2,2026-06-10 17:57:31.564592
1243,H_154180030,2026-06-10 20:30:00.000000,31.28571428571429,3,2026-06-10 17:57:31.569688
1244,H_154180040,2026-06-10 19:30:00.000000,49.0,2,2026-06-10 17:57:31.581715
1245,H_154180040,2026-06-10 20:30:00.000000,49.0,3,2026-06-10 17:57:31.586037
1246,H_154180050,2026-06-10 19:30:00.000000,86.0,2,2026-06-10 17:57:31.598320
1247,H_154180050,2026-06-10 20:30:00.000000,85.4,3,2026-06-10 17:57:31.603217
1248,H_154180060,2026-06-10 19:30:00.000000,150.8,2,2026-06-10 17:57:31.614740
1249,H_154180060,2026-06-10 20:30:00.000000,151.2,3,2026-06-10 17:57:31.618952
1250,H_154180070,2026-06-10 19:30:00.000000,46.0,2,2026-06-10 17:57:31.631962
1251,H_154180070,2026-06-10 20:30:00.000000,46.0,3,2026-06-10 17:57:31.636037
1252,H_154180080,2026-06-10 19:30:00.000000,55.6,2,2026-06-10 17:57:31.647487
1253,H_154180080,2026-06-10 20:30:00.000000,55.4,3,2026-06-10 17:57:31.650368
1254,H_154180090,2026-06-10 19:30:00.000000,529.5091482649843,2,2026-06-10 17:57:31.659999
1255,H_154180090,2026-06-10 20:30:00.000000,533.255283911672,3,2026-06-10 17:57:31.662755
1256,H_154180100,2026-06-10 19:30:00.000000,495.41198501872674,2,2026-06-10 17:57:31.671617
1257,H_154180100,2026-06-10 20:30:00.000000,469.08702357347397,3,2026-06-10 17:57:31.674088
1258,H_154180110,2026-06-10 19:30:00.000000,61.6,2,2026-06-10 17:57:31.681457
1259,H_154180110,2026-06-10 20:30:00.000000,61.4,3,2026-06-10 17:57:31.683719
1260,H_154180120,2026-06-10 19:30:00.000000,519.2647410954805,2,2026-06-10 17:57:31.691854
1261,H_154180120,2026-06-10 20:30:00.000000,514.525591140377,3,2026-06-10 17:57:31.694192
1262,H_154180140,2026-06-10 19:30:00.000000,534.6040339702761,2,2026-06-10 17:57:31.701731
1263,H_154180140,2026-06-10 20:30:00.000000,525.9702760084924,3,2026-06-10 17:57:31.704282
1264,H_154180150,2026-06-10 19:30:00.000000,249.6,2,2026-06-10 17:57:31.712077
1265,H_154180150,2026-06-10 20:30:00.000000,249.4,3,2026-06-10 17:57:31.714595
1266,H_154180160,2026-06-10 19:30:00.000000,451.00000000000045,2,2026-06-10 17:57:31.721730
1267,H_154180160,2026-06-10 20:30:00.000000,421.0,3,2026-06-10 17:57:31.724092
1268,H_154180170,2026-06-10 19:20:00.000000,482.76129032258063,2,2026-06-10 17:57:31.731461
1269,H_154180170,2026-06-10 20:20:00.000000,475.6322580645162,3,2026-06-10 17:57:31.734396
1270,H_154180180,2026-06-10 19:30:00.000000,522.4,2,2026-06-10 17:57:31.742663
1271,H_154180180,2026-06-10 20:30:00.000000,523.6,3,2026-06-10 17:57:31.745883
1272,H_154180190,2026-06-10 19:30:00.000000,0.0,2,2026-06-10 17:57:31.757817
1273,H_154180190,2026-06-10 20:30:00.000000,76095742891.55176,3,2026-06-10 17:57:31.761394
1274,H_154180200,2026-06-10 19:30:00.000000,591.4951456310673,2,2026-06-10 17:57:31.774729
1275,H_154180200,2026-06-10 20:30:00.000000,527.8349514563113,3,2026-06-10 17:57:31.779790
1276,H_154180220,2026-06-10 19:30:00.000000,545.840277777778,2,2026-06-10 17:57:31.792364
1277,H_154180220,2026-06-10 20:30:00.000000,579.958333333333,3,2026-06-10 17:57:31.797268
1278,H_154180260,2026-06-10 19:20:00.000000,214.8,2,2026-06-10 17:57:31.807100
1279,H_154180260,2026-06-10 20:20:00.000000,215.2,3,2026-06-10 17:57:31.811778
1280,H_154180270,2026-06-10 19:30:00.000000,98.64233973198122,2,2026-06-10 17:57:31.823117
1281,H_154180270,2026-06-10 20:30:00.000000,91.62522636725828,3,2026-06-10 17:57:31.827551
1282,H_154180280,2026-06-10 19:30:00.000000,463.6403118040089,2,2026-06-10 17:57:31.839344
1283,H_154180280,2026-06-10 20:30:00.000000,455.1391982182631,3,2026-06-10 17:57:31.843576
1284,H_154180290,2026-06-10 19:30:00.000000,332.4999999999999,2,2026-06-10 17:57:31.851252
1285,H_154180290,2026-06-10 20:30:00.000000,329.5000000000001,3,2026-06-10 17:57:31.854182
1286,H_154180300,2026-06-10 19:30:00.000000,226.87499999999997,2,2026-06-10 17:57:31.862098
1287,H_154180300,2026-06-10 20:30:00.000000,229.12500000000006,3,2026-06-10 17:57:31.864355
1288,H_154190010,2026-06-10 19:30:00.000000,512.5,2,2026-06-10 17:57:31.871306
1289,H_154190010,2026-06-10 20:30:00.000000,529.0,3,2026-06-10 17:57:31.873552
1290,H_154190020,2026-06-10 19:30:00.000000,523.2249544626593,2,2026-06-10 17:57:31.880221
1291,H_154190020,2026-06-10 20:30:00.000000,523.5236794171221,3,2026-06-10 17:57:31.882371
1292,H_154190030,2026-06-10 19:30:00.000000,524.3333333333335,2,2026-06-10 17:57:31.888911
1293,H_154190030,2026-06-10 20:30:00.000000,524.3333333333333,3,2026-06-10 17:57:31.891007
1294,H_154190040,2026-06-10 19:30:00.000000,518.6389276888362,2,2026-06-10 17:57:31.897918
1295,H_154190040,2026-06-10 20:30:00.000000,516.0711829805522,3,2026-06-10 17:57:31.900220
1296,H_154190050,2026-06-10 19:30:00.000000,538.7332393799077,2,2026-06-10 17:57:31.906778
1297,H_154190050,2026-06-10 20:30:00.000000,534.3752768270585,3,2026-06-10 17:57:31.909222
1298,H_154190060,2026-06-10 19:30:00.000000,541.3439765274425,2,2026-06-10 17:57:31.915757
1299,H_154190060,2026-06-10 20:30:00.000000,541.8738350017261,3,2026-06-10 17:57:31.917891
1300,H_154190070,2026-06-10 19:30:00.000000,512.8048780487803,2,2026-06-10 17:57:31.924594
1301,H_154190070,2026-06-10 20:30:00.000000,530.560975609756,3,2026-06-10 17:57:31.926895
1302,H_154190080,2026-06-10 19:30:00.000000,552.0,2,2026-06-10 17:57:31.933310
1303,H_154190080,2026-06-10 20:30:00.000000,552.0,3,2026-06-10 17:57:31.936123
1304,H_154190090,2026-06-10 19:30:00.000000,561.3333333333335,2,2026-06-10 17:57:31.943336
1305,H_154190090,2026-06-10 20:30:00.000000,514.2857142857142,3,2026-06-10 17:57:31.946099
1306,H_154190100,2026-06-10 19:30:00.000000,420.0,2,2026-06-10 17:57:31.954248
1307,H_154190100,2026-06-10 20:30:00.000000,420.0,3,2026-06-10 17:57:31.957840
1308,H_154190110,2026-06-10 19:30:00.000000,88.00000000000001,2,2026-06-10 17:57:31.968482
1309,H_154190110,2026-06-10 20:30:00.000000,92.0,3,2026-06-10 17:57:31.972953
1310,H_154190130,2026-06-10 19:30:00.000000,500.9311539620369,2,2026-06-10 17:57:31.984052
1311,H_154190130,2026-06-10 20:30:00.000000,510.9615848147032,3,2026-06-10 17:57:31.988392
1312,H_154190140,2026-06-10 19:30:00.000000,531.1999999999998,2,2026-06-10 17:57:32.000012
1313,H_154190140,2026-06-10 20:30:00.000000,507.80000000000064,3,2026-06-10 17:57:32.004814
1314,H_154190160,2026-06-10 19:30:00.000000,266.0,2,2026-06-10 17:57:32.016337
1315,H_154190160,2026-06-10 20:30:00.000000,266.0,3,2026-06-10 17:57:32.020322
1316,H_154190170,2026-06-10 19:30:00.000000,165.8,2,2026-06-10 17:57:32.031886
1317,H_154190170,2026-06-10 20:30:00.000000,166.2,3,2026-06-10 17:57:32.036559
1318,H_154190180,2026-06-10 19:30:00.000000,520.9691358024693,2,2026-06-10 17:57:32.049139
1319,H_154190180,2026-06-10 20:30:00.000000,531.0802469135801,3,2026-06-10 17:57:32.053835
1320,H_154190200,2026-06-10 19:30:00.000000,517.8194424537767,2,2026-06-10 17:57:32.063759
1321,H_154190200,2026-06-10 20:30:00.000000,517.3877382829296,3,2026-06-10 17:57:32.067191
1322,H_154200010,2026-06-10 19:30:00.000000,161.99999999999997,2,2026-06-10 17:57:32.077266
1323,H_154200010,2026-06-10 20:30:00.000000,163.49999999999997,3,2026-06-10 17:57:32.080518
1324,H_154200020,2026-06-10 19:30:00.000000,154.33333333333334,2,2026-06-10 17:57:32.088889
1325,H_154200020,2026-06-10 20:30:00.000000,155.0,3,2026-06-10 17:57:32.092872
1326,H_154200030,2026-06-10 19:30:00.000000,111.50000000000001,2,2026-06-10 17:57:32.100816
1327,H_154200030,2026-06-10 20:30:00.000000,111.0,3,2026-06-10 17:57:32.103964
1328,H_154210010,2026-06-10 19:30:00.000000,97.0,2,2026-06-10 17:57:32.112156
1329,H_154210010,2026-06-10 20:30:00.000000,96.99999999999999,3,2026-06-10 17:57:32.115231
1330,H_154210020,2026-06-10 19:30:00.000000,139.0,2,2026-06-10 17:57:32.123431
1331,H_154210020,2026-06-10 20:30:00.000000,139.2,3,2026-06-10 17:57:32.127105
1332,H_154210070,2026-06-10 19:30:00.000000,196.99999999999997,2,2026-06-10 17:57:32.136894
1333,H_154210070,2026-06-10 20:30:00.000000,197.5,3,2026-06-10 17:57:32.140340
1334,H_154210080,2026-06-10 19:30:00.000000,195.49999999999997,2,2026-06-10 17:57:32.149832
1335,H_154210080,2026-06-10 20:30:00.000000,195.0,3,2026-06-10 17:57:32.153017
1336,H_154210090,2026-06-10 19:30:00.000000,121.0,2,2026-06-10 17:57:32.162641
1337,H_154210090,2026-06-10 20:30:00.000000,121.0,3,2026-06-10 17:57:32.165809
1338,H_154220010,2026-06-10 19:30:00.000000,150.9999999999999,2,2026-06-10 17:57:32.178005
1339,H_154220010,2026-06-10 20:30:00.000000,147.0000000000001,3,2026-06-10 17:57:32.181019
1340,H_154220050,2026-06-10 19:30:00.000000,41.6,2,2026-06-10 17:57:32.195314
1341,H_154220050,2026-06-10 20:30:00.000000,41.4,3,2026-06-10 17:57:32.200175
1342,H_154220100,2026-06-10 19:30:00.000000,196.0,2,2026-06-10 17:57:32.212807
1343,H_154220100,2026-06-10 20:30:00.000000,196.0,3,2026-06-10 17:57:32.215701
1344,H_154220110,2026-06-10 19:30:00.000000,95.0,2,2026-06-10 17:57:32.227185
1345,H_154220110,2026-06-10 20:30:00.000000,95.00000000000001,3,2026-06-10 17:57:32.231070
3359,H_149180020,2026-06-10 21:00:00.000000,0.0,3,2026-06-10 18:17:56.933342
3362,H_149180060,2026-06-10 20:00:00.000000,108.17199101700001,2,2026-06-10 18:17:56.952943
3363,H_149180060,2026-06-10 21:00:00.000000,57.09768121859683,3,2026-06-10 18:17:56.955047
3364,H_149180080,2026-06-10 20:00:00.000000,117.50858195872563,2,2026-06-10 18:17:56.962022
3365,H_149180080,2026-06-10 21:00:00.000000,545.641631537034,3,2026-06-10 18:17:56.964105
3366,H_149180100,2026-06-10 20:00:00.000000,127.47763269012535,2,2026-06-10 18:17:56.970631
3367,H_149180100,2026-06-10 21:00:00.000000,174.63250530411673,3,2026-06-10 18:17:56.972937
3368,H_149180110,2026-06-10 20:00:00.000000,129.16417910447765,2,2026-06-10 18:17:56.979533
3369,H_149180110,2026-06-10 21:00:00.000000,119.17910447761193,3,2026-06-10 18:17:56.982162
3370,H_149180120,2026-06-10 20:00:00.000000,160.37662337662334,2,2026-06-10 18:17:56.989843
3371,H_149180120,2026-06-10 21:00:00.000000,167.54545454545462,3,2026-06-10 18:17:56.992383
3372,H_149180130,2026-06-10 20:00:00.000000,127.18750000000006,2,2026-06-10 18:17:57.000124
3373,H_149180130,2026-06-10 21:00:00.000000,126.24999999999999,3,2026-06-10 18:17:57.002614
3374,H_149180140,2026-06-10 20:00:00.000000,99.63888888888889,2,2026-06-10 18:17:57.011112
3375,H_149180140,2026-06-10 21:00:00.000000,102.05555555555554,3,2026-06-10 18:17:57.014952
3376,H_149180160,2026-06-10 20:00:00.000000,57.99999999999999,2,2026-06-10 18:17:57.023845
3377,H_149180160,2026-06-10 21:00:00.000000,59.0,3,2026-06-10 18:17:57.026979
3378,H_149180180,2026-06-10 20:00:00.000000,74.5,2,2026-06-10 18:17:57.036954
3379,H_149180180,2026-06-10 21:00:00.000000,74.75,3,2026-06-10 18:17:57.040234
3380,H_149180200,2026-06-10 20:00:00.000000,89.5,2,2026-06-10 18:17:57.048641
3381,H_149180200,2026-06-10 21:00:00.000000,96.5,3,2026-06-10 18:17:57.052303
3382,H_149180210,2026-06-10 20:00:00.000000,176.0,2,2026-06-10 18:17:57.061819
3383,H_149180210,2026-06-10 21:00:00.000000,176.0,3,2026-06-10 18:17:57.064957
3384,H_149180220,2026-06-10 20:00:00.000000,0.0,2,2026-06-10 18:17:57.076206
3385,H_149180220,2026-06-10 21:00:00.000000,0.0,3,2026-06-10 18:17:57.080191
3386,H_149180230,2026-06-10 19:50:00.000000,390.124138826199,2,2026-06-10 18:17:57.091533
3387,H_149180230,2026-06-10 20:50:00.000000,287.54740422364904,3,2026-06-10 18:17:57.094773
3388,H_149180240,2026-06-10 19:50:00.000000,112.64056536659547,2,2026-06-10 18:17:57.105322
3389,H_149180240,2026-06-10 20:50:00.000000,113.24172946013198,3,2026-06-10 18:17:57.108334
3390,H_149180250,2026-06-10 20:00:00.000000,226.1011585990877,2,2026-06-10 18:17:57.117408
3391,H_149180250,2026-06-10 21:00:00.000000,220.60844193855013,3,2026-06-10 18:17:57.120382
3392,H_149180300,2026-06-10 20:00:00.000000,182.6,2,2026-06-10 18:17:57.131703
3393,H_149180300,2026-06-10 21:00:00.000000,189.0,3,2026-06-10 18:17:57.135349
3395,H_149190010,2026-06-10 20:00:00.000000,135.0341429369067,2,2026-06-10 18:17:57.154082
3396,H_149190010,2026-06-10 21:00:00.000000,158.32593523171408,3,2026-06-10 18:17:57.157187
3397,H_149190020,2026-06-10 20:00:00.000000,144.58823529411768,2,2026-06-10 18:17:57.171743
3398,H_149190020,2026-06-10 21:00:00.000000,144.11764705882354,3,2026-06-10 18:17:57.175273
3399,H_149190030,2026-06-10 20:00:00.000000,114.40719542109565,2,2026-06-10 18:17:57.186701
3400,H_149190030,2026-06-10 21:00:00.000000,112.68847097301716,3,2026-06-10 18:17:57.189975
3401,H_149190040,2026-06-10 20:00:00.000000,273.9999999999998,2,2026-06-10 18:17:57.199622
3402,H_149190040,2026-06-10 21:00:00.000000,266.25,3,2026-06-10 18:17:57.202605
3403,H_149190050,2026-06-10 20:00:00.000000,635.0000000000005,2,2026-06-10 18:17:57.212367
3404,H_149190050,2026-06-10 21:00:00.000000,635.0000000000005,3,2026-06-10 18:17:57.215423
3405,H_149190060,2026-06-10 20:00:00.000000,517.8002788383181,2,2026-06-10 18:17:57.226762
3406,H_149190060,2026-06-10 21:00:00.000000,935.4392797391797,3,2026-06-10 18:17:57.230369
3407,H_149190070,2026-06-10 20:00:00.000000,369.42857142857144,2,2026-06-10 18:17:57.238523
3408,H_149190070,2026-06-10 21:00:00.000000,370.0428571428572,3,2026-06-10 18:17:57.241222
3409,H_149190080,2026-06-10 20:00:00.000000,673.3333333333335,2,2026-06-10 18:17:57.248832
3410,H_149190080,2026-06-10 21:00:00.000000,736.0,3,2026-06-10 18:17:57.250919
3411,H_149190100,2026-06-10 20:00:00.000000,243.0,2,2026-06-10 18:17:57.258243
3412,H_149190100,2026-06-10 21:00:00.000000,211.50000000000006,3,2026-06-10 18:17:57.261068
3413,H_149190120,2026-06-10 20:00:00.000000,151.0,2,2026-06-10 18:17:57.269305
3414,H_149190120,2026-06-10 21:00:00.000000,145.99999999999994,3,2026-06-10 18:17:57.271786
3415,H_149190140,2026-06-10 20:00:00.000000,146.99999999999994,2,2026-06-10 18:17:57.281562
3416,H_149190140,2026-06-10 21:00:00.000000,147.0,3,2026-06-10 18:17:57.284476
3417,H_149190150,2026-06-10 20:00:00.000000,106.0,2,2026-06-10 18:17:57.293862
3418,H_149190150,2026-06-10 21:00:00.000000,108.0,3,2026-06-10 18:17:57.296637
3419,H_149190160,2026-06-10 20:00:00.000000,140.274213836478,2,2026-06-10 18:17:57.304537
3420,H_149190160,2026-06-10 21:00:00.000000,44.63018867924538,3,2026-06-10 18:17:57.307566
3421,H_149190170,2026-06-10 20:00:00.000000,64.5,2,2026-06-10 18:17:57.315444
3422,H_149190170,2026-06-10 21:00:00.000000,61.0,3,2026-06-10 18:17:57.317876
3423,H_149190180,2026-06-10 20:00:00.000000,109.0,2,2026-06-10 18:17:57.325981
3424,H_149190180,2026-06-10 21:00:00.000000,109.0,3,2026-06-10 18:17:57.329211
3425,H_149190210,2026-06-10 20:00:00.000000,218.0,2,2026-06-10 18:17:57.337435
3426,H_149190210,2026-06-10 21:00:00.000000,229.0,3,2026-06-10 18:17:57.340179
3427,H_149190220,2026-06-10 20:00:00.000000,231.5,2,2026-06-10 18:17:57.347813
3428,H_149190220,2026-06-10 21:00:00.000000,232.99999999999977,3,2026-06-10 18:17:57.350332
3429,H_149190230,2026-06-10 20:00:00.000000,0.0,2,2026-06-10 18:17:57.357964
3430,H_149190230,2026-06-10 21:00:00.000000,1127.2741935483878,3,2026-06-10 18:17:57.360198
3433,H_149190260,2026-06-10 20:00:00.000000,105.5,2,2026-06-10 18:17:57.381489
3434,H_149190260,2026-06-10 21:00:00.000000,97.49999999999994,3,2026-06-10 18:17:57.383697
3435,H_149190270,2026-06-10 20:00:00.000000,159.8,2,2026-06-10 18:17:57.401513
3436,H_149190270,2026-06-10 21:00:00.000000,160.8,3,2026-06-10 18:17:57.403863
3437,H_149190280,2026-06-10 20:00:00.000000,184.27105052125097,2,2026-06-10 18:17:57.410906
3438,H_149190280,2026-06-10 21:00:00.000000,184.9354450681636,3,2026-06-10 18:17:57.413482
3439,H_149190290,2026-06-10 20:00:00.000000,147.00000000000003,2,2026-06-10 18:17:57.422003
3440,H_149190290,2026-06-10 21:00:00.000000,248.00000000000023,3,2026-06-10 18:17:57.425765
3441,H_149190310,2026-06-10 20:00:00.000000,376.9999999999999,2,2026-06-10 18:17:57.433776
3442,H_149190310,2026-06-10 21:00:00.000000,376.9999999999999,3,2026-06-10 18:17:57.436186
3444,H_149190340,2026-06-10 20:00:00.000000,113.25,2,2026-06-10 18:17:57.449482
3445,H_149190340,2026-06-10 21:00:00.000000,113.75,3,2026-06-10 18:17:57.451752
3446,H_149190350,2026-06-10 20:00:00.000000,178.99999999999994,2,2026-06-10 18:17:57.458331
3447,H_149190350,2026-06-10 21:00:00.000000,173.99999999999997,3,2026-06-10 18:17:57.460444
3448,H_149190360,2026-06-10 20:00:00.000000,130.65645666550643,2,2026-06-10 18:17:57.466634
3449,H_149190360,2026-06-10 21:00:00.000000,130.33588583362337,3,2026-06-10 18:17:57.468582
3450,H_149190370,2026-06-10 20:00:00.000000,76.66901408450703,2,2026-06-10 18:17:57.475150
3451,H_149190370,2026-06-10 21:00:00.000000,76.3943661971831,3,2026-06-10 18:17:57.477303
3452,H_149190380,2026-06-10 20:00:00.000000,133.80923584387028,2,2026-06-10 18:17:57.483708
3453,H_149190380,2026-06-10 21:00:00.000000,145.97196261682234,3,2026-06-10 18:17:57.486642
3454,H_149190390,2026-06-10 20:00:00.000000,171.4,2,2026-06-10 18:17:57.496267
3455,H_149190390,2026-06-10 21:00:00.000000,171.6,3,2026-06-10 18:17:57.499140
3460,H_149200010,2026-06-10 20:00:00.000000,146.56394316163409,2,2026-06-10 18:17:57.541532
3461,H_149200010,2026-06-10 21:00:00.000000,146.6341030195382,3,2026-06-10 18:17:57.544467
3462,H_149200030,2026-06-10 20:00:00.000000,136.0,2,2026-06-10 18:17:57.556575
3463,H_149200030,2026-06-10 21:00:00.000000,95.33333333333337,3,2026-06-10 18:17:57.560060
3464,H_149200040,2026-06-10 20:00:00.000000,846.4699367088583,2,2026-06-10 18:17:57.570993
3465,H_149200040,2026-06-10 21:00:00.000000,0.0,3,2026-06-10 18:17:57.575686
3466,H_149200050,2026-06-10 20:00:00.000000,0.0,2,2026-06-10 18:17:57.589320
3467,H_149200050,2026-06-10 21:00:00.000000,0.0,3,2026-06-10 18:17:57.592795
3468,H_149200060,2026-06-10 20:00:00.000000,0.0,2,2026-06-10 18:17:57.603239
3469,H_149200060,2026-06-10 21:00:00.000000,0.0,3,2026-06-10 18:17:57.606060
3470,H_149200080,2026-06-10 20:00:00.000000,104.2991111111111,2,2026-06-10 18:17:57.615961
3471,H_149200080,2026-06-10 21:00:00.000000,105.73644444444443,3,2026-06-10 18:17:57.618758
3472,H_149200090,2026-06-10 20:00:00.000000,222.0,2,2026-06-10 18:17:57.629626
3473,H_149200090,2026-06-10 21:00:00.000000,221.5,3,2026-06-10 18:17:57.632303
3474,H_149200100,2026-06-10 20:00:00.000000,230.0000000000001,2,2026-06-10 18:17:57.641066
3475,H_149200100,2026-06-10 21:00:00.000000,283.0000000000002,3,2026-06-10 18:17:57.643908
3476,H_149200110,2026-06-10 20:00:00.000000,266.06,2,2026-06-10 18:17:57.652282
3477,H_149200110,2026-06-10 21:00:00.000000,249.73000000000005,3,2026-06-10 18:17:57.655206
3478,H_149200120,2026-06-10 20:00:00.000000,128.45581113801455,2,2026-06-10 18:17:57.669157
3479,H_149200120,2026-06-10 21:00:00.000000,127.90980629539952,3,2026-06-10 18:17:57.673469
3480,H_149200130,2026-06-10 20:00:00.000000,103.375,2,2026-06-10 18:17:57.690620
3481,H_149200130,2026-06-10 21:00:00.000000,212.3750000000001,3,2026-06-10 18:17:57.695918
3482,H_149200150,2026-06-10 20:00:00.000000,130.29949664429535,2,2026-06-10 18:17:57.723200
3483,H_149200150,2026-06-10 21:00:00.000000,133.58305369127515,3,2026-06-10 18:17:57.727593
3484,H_149200160,2026-06-10 19:50:00.000000,195.75,2,2026-06-10 18:17:57.739489
3485,H_149200160,2026-06-10 20:50:00.000000,196.25,3,2026-06-10 18:17:57.742720
3486,H_149200170,2026-06-10 20:00:00.000000,235.9999999999999,2,2026-06-10 18:17:57.751576
3487,H_149200170,2026-06-10 21:00:00.000000,236.25,3,2026-06-10 18:17:57.754195
3488,H_149200190,2026-06-10 20:00:00.000000,168.0,2,2026-06-10 18:17:57.765944
3489,H_149200190,2026-06-10 21:00:00.000000,168.0,3,2026-06-10 18:17:57.768642
3490,H_149200220,2026-06-10 20:00:00.000000,145.45000000000005,2,2026-06-10 18:17:57.777511
3491,H_149200220,2026-06-10 21:00:00.000000,146.84999999999997,3,2026-06-10 18:17:57.779936
3492,H_149200230,2026-06-10 20:00:00.000000,156.857142857143,2,2026-06-10 18:17:57.787199
3493,H_149200230,2026-06-10 21:00:00.000000,172.66666666666663,3,2026-06-10 18:17:57.789721
3494,H_149200240,2026-06-10 20:00:00.000000,87.0,2,2026-06-10 18:17:57.796692
3495,H_149200240,2026-06-10 21:00:00.000000,88.0,3,2026-06-10 18:17:57.799375
3496,H_149200250,2026-06-10 20:00:00.000000,88.9791014468229,2,2026-06-10 18:17:57.807841
3497,H_149200250,2026-06-10 21:00:00.000000,88.71376597004823,3,2026-06-10 18:17:57.810314
3498,H_149200260,2026-06-10 20:00:00.000000,237.39982693678098,2,2026-06-10 18:17:57.817660
3499,H_149200260,2026-06-10 21:00:00.000000,223.8591698055584,3,2026-06-10 18:17:57.819933
3500,H_149200280,2026-06-10 20:00:00.000000,0.0,2,2026-06-10 18:17:57.827259
3501,H_149200280,2026-06-10 21:00:00.000000,0.0,3,2026-06-10 18:17:57.829664
3502,H_149200290,2026-06-10 20:00:00.000000,109.99999999999997,2,2026-06-10 18:17:57.836716
3503,H_149200290,2026-06-10 21:00:00.000000,109.99999999999994,3,2026-06-10 18:17:57.839505
3505,H_149200310,2026-06-10 20:00:00.000000,246.37500000000006,2,2026-06-10 18:17:57.852700
3506,H_149200310,2026-06-10 21:00:00.000000,252.875,3,2026-06-10 18:17:57.854776
3507,H_149200320,2026-06-10 20:00:00.000000,69.84680020935431,2,2026-06-10 18:17:57.861417
3508,H_149200320,2026-06-10 21:00:00.000000,79.88590188894705,3,2026-06-10 18:17:57.863609
3509,H_149200330,2026-06-10 20:00:00.000000,243.99999999999955,2,2026-06-10 18:17:57.870299
3510,H_149200330,2026-06-10 21:00:00.000000,164.49999999999997,3,2026-06-10 18:17:57.872770
3512,H_149210010,2026-06-10 20:00:00.000000,176.33333333333337,2,2026-06-10 18:17:57.885797
3513,H_149210010,2026-06-10 21:00:00.000000,175.6666666666667,3,2026-06-10 18:17:57.888052
3515,H_149210030,2026-06-10 20:00:00.000000,78.84431137724552,2,2026-06-10 18:17:57.902873
3516,H_149210030,2026-06-10 21:00:00.000000,76.11676646706587,3,2026-06-10 18:17:57.905484
3517,H_149210040,2026-06-10 20:00:00.000000,311.0,2,2026-06-10 18:17:57.912795
3518,H_149210040,2026-06-10 21:00:00.000000,339.0,3,2026-06-10 18:17:57.915081
3519,H_149210050,2026-06-10 20:00:00.000000,182.33333333333337,2,2026-06-10 18:17:57.921922
3520,H_149210050,2026-06-10 21:00:00.000000,156.66666666666657,3,2026-06-10 18:17:57.924302
3521,H_149210060,2026-06-10 20:00:00.000000,133.66666666666663,2,2026-06-10 18:17:57.930805
3522,H_149210060,2026-06-10 21:00:00.000000,98.00000000000006,3,2026-06-10 18:17:57.932976
3523,H_149210070,2026-06-10 20:00:00.000000,40.00000000000001,2,2026-06-10 18:17:57.940469
3524,H_149210070,2026-06-10 21:00:00.000000,44.0,3,2026-06-10 18:17:57.943412
3525,H_149210080,2026-06-10 19:50:00.000000,83.50000000000006,2,2026-06-10 18:17:57.951253
3526,H_149210080,2026-06-10 20:50:00.000000,83.5,3,2026-06-10 18:17:57.953920
3527,H_149210090,2026-06-10 20:00:00.000000,289.0,2,2026-06-10 18:17:57.962416
3528,H_149210090,2026-06-10 21:00:00.000000,307.33333333333303,3,2026-06-10 18:17:57.964713
3529,H_149210100,2026-06-10 20:00:00.000000,142.8,2,2026-06-10 18:17:57.972276
3530,H_149210100,2026-06-10 21:00:00.000000,143.2,3,2026-06-10 18:17:57.974644
3531,H_149210110,2026-06-10 20:00:00.000000,169.0,2,2026-06-10 18:17:57.981618
3532,H_149210110,2026-06-10 21:00:00.000000,169.0,3,2026-06-10 18:17:57.984410
3533,H_149210120,2026-06-10 20:00:00.000000,570.0,2,2026-06-10 18:17:57.991744
3534,H_149210120,2026-06-10 21:00:00.000000,570.0,3,2026-06-10 18:17:57.994094
3535,H_149210130,2026-06-10 20:00:00.000000,142.0,2,2026-06-10 18:17:58.002439
3536,H_149210130,2026-06-10 21:00:00.000000,142.2,3,2026-06-10 18:17:58.005400
3537,H_149210140,2026-06-10 20:00:00.000000,204.4,2,2026-06-10 18:17:58.012487
3538,H_149210140,2026-06-10 21:00:00.000000,204.8,3,2026-06-10 18:17:58.014727
3539,H_149210160,2026-06-10 20:00:00.000000,124.0,2,2026-06-10 18:17:58.021422
3540,H_149210160,2026-06-10 21:00:00.000000,124.0,3,2026-06-10 18:17:58.023958
3549,H_149220010,2026-06-10 20:00:00.000000,129.4,2,2026-06-10 18:17:58.093076
3550,H_149220010,2026-06-10 21:00:00.000000,129.6,3,2026-06-10 18:17:58.095634
3551,H_149220020,2026-06-10 20:00:00.000000,43.00000000000001,2,2026-06-10 18:17:58.104778
3552,H_149220020,2026-06-10 21:00:00.000000,42.0,3,2026-06-10 18:17:58.107877
3553,H_149220040,2026-06-10 20:00:00.000000,113.0,2,2026-06-10 18:17:58.114899
3554,H_149220040,2026-06-10 21:00:00.000000,113.0,3,2026-06-10 18:17:58.117219
3555,H_149220050,2026-06-10 20:00:00.000000,95.0,2,2026-06-10 18:17:58.124704
3556,H_149220050,2026-06-10 21:00:00.000000,95.0,3,2026-06-10 18:17:58.127049
3557,H_149220060,2026-06-10 20:00:00.000000,171.0,2,2026-06-10 18:17:58.133848
3558,H_149220060,2026-06-10 21:00:00.000000,171.0,3,2026-06-10 18:17:58.136032
3559,H_149220070,2026-06-10 20:00:00.000000,96.00000000000001,2,2026-06-10 18:17:58.143374
3560,H_149220070,2026-06-10 21:00:00.000000,95.99999999999997,3,2026-06-10 18:17:58.146095
3561,H_149220080,2026-06-10 20:00:00.000000,76.0,2,2026-06-10 18:17:58.153419
3562,H_149220080,2026-06-10 21:00:00.000000,77.0,3,2026-06-10 18:17:58.156031
3563,H_149220100,2026-06-10 20:00:00.000000,78.0,2,2026-06-10 18:17:58.162762
3564,H_149220100,2026-06-10 21:00:00.000000,78.0,3,2026-06-10 18:17:58.164776
3565,H_149220110,2026-06-10 20:00:00.000000,266.2,2,2026-06-10 18:17:58.171668
3566,H_149220110,2026-06-10 21:00:00.000000,266.2,3,2026-06-10 18:17:58.174009
3567,H_149220130,2026-06-10 20:00:00.000000,115.0,2,2026-06-10 18:17:58.180945
3568,H_149220130,2026-06-10 21:00:00.000000,115.0,3,2026-06-10 18:17:58.183415
3569,H_149220140,2026-06-10 20:00:00.000000,300.0,2,2026-06-10 18:17:58.190725
3570,H_149220140,2026-06-10 21:00:00.000000,300.0,3,2026-06-10 18:17:58.192842
3571,H_149220150,2026-06-10 20:00:00.000000,85.0,2,2026-06-10 18:17:58.200080
3572,H_149220150,2026-06-10 21:00:00.000000,85.0,3,2026-06-10 18:17:58.202217
3575,H_149220180,2026-06-10 20:00:00.000000,152.0,2,2026-06-10 18:17:58.222194
3576,H_149220180,2026-06-10 21:00:00.000000,152.0,3,2026-06-10 18:17:58.224340
3577,H_149220200,2026-06-10 20:00:00.000000,65.66666666666666,2,2026-06-10 18:17:58.238552
3578,H_149220200,2026-06-10 21:00:00.000000,66.0,3,2026-06-10 18:17:58.241600
3579,H_149220210,2026-06-10 20:00:00.000000,29.94999999999999,2,2026-06-10 18:17:58.250151
3580,H_149220210,2026-06-10 21:00:00.000000,121.24999999999999,3,2026-06-10 18:17:58.252860
3585,H_150140020,2026-06-10 20:00:00.000000,80.1825843962681,2,2026-06-10 18:17:58.289669
3586,H_150140020,2026-06-10 21:00:00.000000,73.22368954793349,3,2026-06-10 18:17:58.293526
3587,H_150140030,2026-06-10 20:00:00.000000,270.9909909909911,2,2026-06-10 18:17:58.303971
3588,H_150140030,2026-06-10 21:00:00.000000,323.8108108108113,3,2026-06-10 18:17:58.306713
3589,H_150140100,2026-06-10 20:00:00.000000,54.0,2,2026-06-10 18:17:58.314593
3590,H_150140100,2026-06-10 21:00:00.000000,53.0,3,2026-06-10 18:17:58.318285
3592,H_150150010,2026-06-10 20:00:00.000000,320.0,2,2026-06-10 18:17:58.334054
3593,H_150150010,2026-06-10 21:00:00.000000,320.0,3,2026-06-10 18:17:58.336776
3594,H_150150020,2026-06-10 20:00:00.000000,105.49999999999997,2,2026-06-10 18:17:58.345835
3595,H_150150020,2026-06-10 21:00:00.000000,106.0,3,2026-06-10 18:17:58.348307
3596,H_150150030,2026-06-10 20:00:00.000000,29.0,2,2026-06-10 18:17:58.357821
3597,H_150150030,2026-06-10 21:00:00.000000,27.999999999999996,3,2026-06-10 18:17:58.361518
3598,H_150150040,2026-06-10 20:00:00.000000,30.2,2,2026-06-10 18:17:58.373658
3599,H_150150040,2026-06-10 21:00:00.000000,30.4,3,2026-06-10 18:17:58.377511
3600,H_150150050,2026-06-10 20:00:00.000000,67.3147450110865,2,2026-06-10 18:17:58.389413
3601,H_150150050,2026-06-10 21:00:00.000000,48.71341463414634,3,2026-06-10 18:17:58.393618
3602,H_150150070,2026-06-10 20:00:00.000000,52.500000000000014,2,2026-06-10 18:17:58.407960
3603,H_150150070,2026-06-10 21:00:00.000000,52.0,3,2026-06-10 18:17:58.411197
3604,H_150150090,2026-06-10 20:00:00.000000,221.0,2,2026-06-10 18:17:58.424160
3605,H_150150090,2026-06-10 21:00:00.000000,221.0,3,2026-06-10 18:17:58.430547
3606,H_150150100,2026-06-10 20:00:00.000000,74.39999999999999,2,2026-06-10 18:17:58.441113
3607,H_150150100,2026-06-10 21:00:00.000000,73.59999999999997,3,2026-06-10 18:17:58.444034
3608,H_150150110,2026-06-10 20:00:00.000000,20.42076502732241,2,2026-06-10 18:17:58.454752
3609,H_150150110,2026-06-10 21:00:00.000000,20.355191256830597,3,2026-06-10 18:17:58.458479
3611,H_150150190,2026-06-10 20:00:00.000000,55.6,2,2026-06-10 18:17:58.481139
3612,H_150150190,2026-06-10 21:00:00.000000,55.4,3,2026-06-10 18:17:58.485042
3613,H_150150200,2026-06-10 20:00:00.000000,5.2,2,2026-06-10 18:17:58.495754
3614,H_150150200,2026-06-10 21:00:00.000000,5.4,3,2026-06-10 18:17:58.499386
3615,H_150160010,2026-06-10 20:00:00.000000,72.00000000000003,2,2026-06-10 18:17:58.509054
3616,H_150160010,2026-06-10 21:00:00.000000,68.0,3,2026-06-10 18:17:58.511925
3617,H_150160020,2026-06-10 20:00:00.000000,101.0,2,2026-06-10 18:17:58.523167
3618,H_150160020,2026-06-10 21:00:00.000000,110.99999999999999,3,2026-06-10 18:17:58.526332
3619,H_150160030,2026-06-10 20:00:00.000000,127.00000000000006,2,2026-06-10 18:17:58.536608
3620,H_150160030,2026-06-10 21:00:00.000000,122.99999999999997,3,2026-06-10 18:17:58.539549
3621,H_150160040,2026-06-10 20:00:00.000000,219.9999999999999,2,2026-06-10 18:17:58.548296
3622,H_150160040,2026-06-10 21:00:00.000000,218.0,3,2026-06-10 18:17:58.551172
3623,H_150160060,2026-06-10 20:00:00.000000,9.0,2,2026-06-10 18:17:58.560706
3624,H_150160060,2026-06-10 21:00:00.000000,12.000000000000002,3,2026-06-10 18:17:58.563210
3625,H_150160070,2026-06-10 20:00:00.000000,0.0,2,2026-06-10 18:17:58.572064
3626,H_150160070,2026-06-10 21:00:00.000000,1109.2857142857138,3,2026-06-10 18:17:58.575741
3627,H_150160080,2026-06-10 20:00:00.000000,99.5,2,2026-06-10 18:17:58.584122
3628,H_150160080,2026-06-10 21:00:00.000000,98.49999999999999,3,2026-06-10 18:17:58.587028
3629,H_150160090,2026-06-10 20:00:00.000000,94.0,2,2026-06-10 18:17:58.596985
3630,H_150160090,2026-06-10 21:00:00.000000,93.99999999999997,3,2026-06-10 18:17:58.600646
3631,H_150160100,2026-06-10 20:00:00.000000,59.736842105263136,2,2026-06-10 18:17:58.609654
3632,H_150160100,2026-06-10 21:00:00.000000,67.52631578947368,3,2026-06-10 18:17:58.612600
3633,H_150160120,2026-06-10 20:00:00.000000,117.0,2,2026-06-10 18:17:58.621103
3634,H_150160120,2026-06-10 21:00:00.000000,117.0,3,2026-06-10 18:17:58.625999
3635,H_150160140,2026-06-10 20:00:00.000000,217.16666666666663,2,2026-06-10 18:17:58.635966
3636,H_150160140,2026-06-10 21:00:00.000000,202.16666666666652,3,2026-06-10 18:17:58.639711
3637,H_150160150,2026-06-10 20:00:00.000000,24.8,2,2026-06-10 18:17:58.650331
3638,H_150160150,2026-06-10 21:00:00.000000,25.2,3,2026-06-10 18:17:58.653710
3639,H_150160160,2026-06-10 20:00:00.000000,148.0,2,2026-06-10 18:17:58.665371
3640,H_150160160,2026-06-10 21:00:00.000000,148.0,3,2026-06-10 18:17:58.668243
3641,H_150160170,2026-06-10 20:00:00.000000,31.8,2,2026-06-10 18:17:58.678007
3642,H_150160170,2026-06-10 21:00:00.000000,32.2,3,2026-06-10 18:17:58.681077
3643,H_150160180,2026-06-10 20:00:00.000000,142.04424418118705,2,2026-06-10 18:17:58.689611
3644,H_150160180,2026-06-10 21:00:00.000000,152.52880726149684,3,2026-06-10 18:17:58.692892
3645,H_150160190,2026-06-10 20:00:00.000000,78.75,2,2026-06-10 18:17:58.701808
3646,H_150160190,2026-06-10 21:00:00.000000,75.75000000000003,3,2026-06-10 18:17:58.704587
3647,H_150160200,2026-06-10 20:00:00.000000,37.0,2,2026-06-10 18:17:58.713431
3648,H_150160200,2026-06-10 21:00:00.000000,37.0,3,2026-06-10 18:17:58.716163
3649,H_150160210,2026-06-10 20:00:00.000000,78.0,2,2026-06-10 18:17:58.727046
3650,H_150160210,2026-06-10 21:00:00.000000,78.0,3,2026-06-10 18:17:58.730805
3651,H_150160220,2026-06-10 20:00:00.000000,34.0,2,2026-06-10 18:17:58.741847
3652,H_150160220,2026-06-10 21:00:00.000000,34.6,3,2026-06-10 18:17:58.746121
3653,H_150160230,2026-06-10 20:00:00.000000,35.0,2,2026-06-10 18:17:58.758445
3654,H_150160230,2026-06-10 21:00:00.000000,35.6,3,2026-06-10 18:17:58.762172
3655,H_150160250,2026-06-10 20:00:00.000000,41.0,2,2026-06-10 18:17:58.774976
3656,H_150160250,2026-06-10 21:00:00.000000,41.000000000000014,3,2026-06-10 18:17:58.779173
3657,H_150160270,2026-06-10 20:00:00.000000,176.2,2,2026-06-10 18:17:58.790851
3658,H_150160270,2026-06-10 21:00:00.000000,176.8,3,2026-06-10 18:17:58.795599
3659,H_150160280,2026-06-10 20:00:00.000000,85.0,2,2026-06-10 18:17:58.808664
3660,H_150160280,2026-06-10 21:00:00.000000,85.50000000000001,3,2026-06-10 18:17:58.812754
3663,H_150170010,2026-06-10 20:00:00.000000,124.4,2,2026-06-10 18:17:58.849673
3664,H_150170010,2026-06-10 21:00:00.000000,124.8,3,2026-06-10 18:17:58.853811
3665,H_150170030,2026-06-10 20:00:00.000000,150.0,2,2026-06-10 18:17:58.867676
3666,H_150170030,2026-06-10 21:00:00.000000,150.0,3,2026-06-10 18:17:58.871782
3667,H_150170040,2026-06-10 20:00:00.000000,189.49019607843138,2,2026-06-10 18:17:58.885610
3668,H_150170040,2026-06-10 21:00:00.000000,179.9705882352942,3,2026-06-10 18:17:58.889658
3669,H_150170050,2026-06-10 20:00:00.000000,120.8,2,2026-06-10 18:17:58.903360
3670,H_150170050,2026-06-10 21:00:00.000000,121.2,3,2026-06-10 18:17:58.906598
3671,H_150170060,2026-06-10 20:00:00.000000,146.50000000000003,2,2026-06-10 18:17:58.915722
3672,H_150170060,2026-06-10 21:00:00.000000,152.50000000000003,3,2026-06-10 18:17:58.918557
3673,H_150170090,2026-06-10 20:00:00.000000,144.93862815884472,2,2026-06-10 18:17:58.926569
3674,H_150170090,2026-06-10 21:00:00.000000,145.24548736462097,3,2026-06-10 18:17:58.929443
3675,H_150170100,2026-06-10 20:00:00.000000,97.5,2,2026-06-10 18:17:58.937476
3676,H_150170100,2026-06-10 21:00:00.000000,100.49999999999999,3,2026-06-10 18:17:58.940398
3677,H_150170110,2026-06-10 20:00:00.000000,108.6,2,2026-06-10 18:17:58.949976
3678,H_150170110,2026-06-10 21:00:00.000000,110.4,3,2026-06-10 18:17:58.953309
3679,H_150170120,2026-06-10 20:00:00.000000,228.4,2,2026-06-10 18:17:58.962051
3680,H_150170120,2026-06-10 21:00:00.000000,229.6,3,2026-06-10 18:17:58.964864
3681,H_150170130,2026-06-10 20:00:00.000000,274.6,2,2026-06-10 18:17:58.972066
3682,H_150170130,2026-06-10 21:00:00.000000,275.0,3,2026-06-10 18:17:58.974611
3683,H_150170140,2026-06-10 20:00:00.000000,9.199999999999989,2,2026-06-10 18:17:58.981928
3684,H_150170140,2026-06-10 21:00:00.000000,18.6,3,2026-06-10 18:17:58.984507
3685,H_150170150,2026-06-10 20:00:00.000000,155.4,2,2026-06-10 18:17:58.991944
3686,H_150170150,2026-06-10 21:00:00.000000,155.6,3,2026-06-10 18:17:58.996631
3687,H_150170160,2026-06-10 20:00:00.000000,89.2,2,2026-06-10 18:17:59.008088
3688,H_150170160,2026-06-10 21:00:00.000000,89.6,3,2026-06-10 18:17:59.011847
3689,H_150170170,2026-06-10 20:00:00.000000,169.0,2,2026-06-10 18:17:59.019488
3690,H_150170170,2026-06-10 21:00:00.000000,170.0,3,2026-06-10 18:17:59.022083
3691,H_150170180,2026-06-10 20:00:00.000000,184.33333333333334,2,2026-06-10 18:17:59.031007
3692,H_150170180,2026-06-10 21:00:00.000000,185.66666666666669,3,2026-06-10 18:17:59.033496
3694,H_150170220,2026-06-10 20:00:00.000000,65.6,2,2026-06-10 18:17:59.049484
3695,H_150170220,2026-06-10 21:00:00.000000,65.6,3,2026-06-10 18:17:59.053084
3697,H_150170290,2026-06-10 20:00:00.000000,409.6,2,2026-06-10 18:17:59.070306
3698,H_150170290,2026-06-10 21:00:00.000000,410.4,3,2026-06-10 18:17:59.073517
3702,H_150180010,2026-06-10 20:00:00.000000,95.4,2,2026-06-10 18:17:59.103491
3703,H_150180010,2026-06-10 21:00:00.000000,96.2,3,2026-06-10 18:17:59.106582
3704,H_150180020,2026-06-10 20:00:00.000000,128.0,2,2026-06-10 18:17:59.117142
3705,H_150180020,2026-06-10 21:00:00.000000,128.4,3,2026-06-10 18:17:59.119917
3706,H_150180030,2026-06-10 20:00:00.000000,282.0,2,2026-06-10 18:17:59.133568
3707,H_150180030,2026-06-10 21:00:00.000000,279.99999999999994,3,2026-06-10 18:17:59.137399
3708,H_150180040,2026-06-10 20:00:00.000000,51.4,2,2026-06-10 18:17:59.147715
3709,H_150180040,2026-06-10 21:00:00.000000,52.8,3,2026-06-10 18:17:59.150835
3710,H_150180060,2026-06-10 20:00:00.000000,150.2,2,2026-06-10 18:17:59.160232
3711,H_150180060,2026-06-10 21:00:00.000000,158.2,3,2026-06-10 18:17:59.162671
3712,H_150180070,2026-06-10 20:00:00.000000,145.0,2,2026-06-10 18:17:59.171196
3713,H_150180070,2026-06-10 21:00:00.000000,140.5,3,2026-06-10 18:17:59.174563
3714,H_150180080,2026-06-10 20:00:00.000000,31.49999999999997,2,2026-06-10 18:17:59.184072
3715,H_150180080,2026-06-10 21:00:00.000000,26.437499999999943,3,2026-06-10 18:17:59.186650
3717,H_150180100,2026-06-10 20:00:00.000000,47.0,2,2026-06-10 18:17:59.202564
3718,H_150180100,2026-06-10 21:00:00.000000,47.5,3,2026-06-10 18:17:59.205531
3719,H_150180110,2026-06-10 20:00:00.000000,155.59885366791323,2,2026-06-10 18:17:59.213587
3720,H_150180110,2026-06-10 21:00:00.000000,156.7953552580995,3,2026-06-10 18:17:59.216137
3722,H_150180130,2026-06-10 20:00:00.000000,110.12440214101758,2,2026-06-10 18:17:59.231813
3723,H_150180130,2026-06-10 21:00:00.000000,110.64446527967338,3,2026-06-10 18:17:59.235342
3725,H_150180150,2026-06-10 20:00:00.000000,252.99999999999955,2,2026-06-10 18:17:59.259133
3726,H_150180150,2026-06-10 21:00:00.000000,244.0,3,2026-06-10 18:17:59.263266
3727,H_150180160,2026-06-10 20:00:00.000000,296.4,2,2026-06-10 18:17:59.277124
3728,H_150180160,2026-06-10 21:00:00.000000,297.6,3,2026-06-10 18:17:59.280649
3729,H_150180170,2026-06-10 20:00:00.000000,162.16666666666666,2,2026-06-10 18:17:59.295355
3730,H_150180170,2026-06-10 21:00:00.000000,161.99999999999997,3,2026-06-10 18:17:59.298782
3731,H_150180210,2026-06-10 20:00:00.000000,123.4,2,2026-06-10 18:17:59.310081
3732,H_150180210,2026-06-10 21:00:00.000000,123.6,3,2026-06-10 18:17:59.313062
3733,H_150180220,2026-06-10 20:00:00.000000,57.6666666666665,2,2026-06-10 18:17:59.324277
3734,H_150180220,2026-06-10 21:00:00.000000,140.33333333333331,3,2026-06-10 18:17:59.327921
3737,H_150180270,2026-06-10 20:00:00.000000,46.44094488188976,2,2026-06-10 18:17:59.358847
3738,H_150180270,2026-06-10 21:00:00.000000,47.858267716535444,3,2026-06-10 18:17:59.362011
3739,H_150180280,2026-06-10 20:00:00.000000,281.0,2,2026-06-10 18:17:59.371643
3740,H_150180280,2026-06-10 21:00:00.000000,283.0,3,2026-06-10 18:17:59.374824
3746,H_150190010,2026-06-10 20:00:00.000000,151.99999999999994,2,2026-06-10 18:17:59.433606
3747,H_150190010,2026-06-10 21:00:00.000000,128.99999999999994,3,2026-06-10 18:17:59.437089
3749,H_150190060,2026-06-10 20:00:00.000000,113.66666666666669,2,2026-06-10 18:17:59.458927
3750,H_150190060,2026-06-10 21:00:00.000000,119.00000000000006,3,2026-06-10 18:17:59.462106
3751,H_150190070,2026-06-10 20:00:00.000000,0.0,2,2026-06-10 18:17:59.471900
3752,H_150190070,2026-06-10 21:00:00.000000,0.0,3,2026-06-10 18:17:59.475113
3753,H_150190080,2026-06-10 20:00:00.000000,0.0,2,2026-06-10 18:17:59.483372
3754,H_150190080,2026-06-10 21:00:00.000000,0.0,3,2026-06-10 18:17:59.486108
3755,H_150190100,2026-06-10 20:00:00.000000,187.49999999999994,2,2026-06-10 18:17:59.495145
3756,H_150190100,2026-06-10 21:00:00.000000,194.50000000000006,3,2026-06-10 18:17:59.498146
3757,H_150190120,2026-06-10 20:00:00.000000,55.0,2,2026-06-10 18:17:59.506736
3758,H_150190120,2026-06-10 21:00:00.000000,55.0,3,2026-06-10 18:17:59.509784
3759,H_150190130,2026-06-10 20:00:00.000000,112.0,2,2026-06-10 18:17:59.519446
3760,H_150190130,2026-06-10 21:00:00.000000,112.0,3,2026-06-10 18:17:59.522516
3761,H_150190140,2026-06-10 20:00:00.000000,643.0000000000005,2,2026-06-10 18:17:59.533500
3762,H_150190140,2026-06-10 21:00:00.000000,643.0,3,2026-06-10 18:17:59.537541
3763,H_150190150,2026-06-10 20:00:00.000000,45.6,2,2026-06-10 18:17:59.549914
3764,H_150190150,2026-06-10 21:00:00.000000,45.4,3,2026-06-10 18:17:59.553653
3765,H_150190170,2026-06-10 20:00:00.000000,226.7428940568475,2,2026-06-10 18:17:59.565309
3766,H_150190170,2026-06-10 21:00:00.000000,223.7751937984496,3,2026-06-10 18:17:59.568375
3767,H_150190180,2026-06-10 20:00:00.000000,174.99999999999994,2,2026-06-10 18:17:59.578068
3768,H_150190180,2026-06-10 21:00:00.000000,202.4999999999999,3,2026-06-10 18:17:59.581576
3769,H_150190190,2026-06-10 20:00:00.000000,168.0,2,2026-06-10 18:17:59.591027
3770,H_150190190,2026-06-10 21:00:00.000000,168.0,3,2026-06-10 18:17:59.593705
3771,H_150190200,2026-06-10 20:00:00.000000,76.6,2,2026-06-10 18:17:59.602453
3772,H_150190200,2026-06-10 21:00:00.000000,77.0,3,2026-06-10 18:17:59.605473
3773,H_150190210,2026-06-10 19:50:00.000000,82.4,2,2026-06-10 18:17:59.615260
3774,H_150190210,2026-06-10 20:50:00.000000,82.4,3,2026-06-10 18:17:59.618861
3776,H_150190240,2026-06-10 20:00:00.000000,13.75,2,2026-06-10 18:17:59.660276
3777,H_150190240,2026-06-10 21:00:00.000000,9.250000000000014,3,2026-06-10 18:17:59.664687
3779,H_150190260,2026-06-10 20:00:00.000000,141.39583333333337,2,2026-06-10 18:17:59.693339
3780,H_150190260,2026-06-10 21:00:00.000000,138.75,3,2026-06-10 18:17:59.697285
3782,H_150190280,2026-06-10 20:00:00.000000,157.0,2,2026-06-10 18:17:59.720499
3783,H_150190280,2026-06-10 21:00:00.000000,147.66666666666669,3,2026-06-10 18:17:59.724859
3784,H_150190310,2026-06-10 20:00:00.000000,239.0,2,2026-06-10 18:17:59.736797
3785,H_150190310,2026-06-10 21:00:00.000000,241.375,3,2026-06-10 18:17:59.740132
3786,H_150190330,2026-06-10 20:00:00.000000,127.84295405279865,2,2026-06-10 18:17:59.748830
3787,H_150190330,2026-06-10 21:00:00.000000,123.30918633339175,3,2026-06-10 18:17:59.751973
3788,H_150190340,2026-06-10 20:00:00.000000,150.375,2,2026-06-10 18:17:59.760989
3789,H_150190340,2026-06-10 21:00:00.000000,155.25,3,2026-06-10 18:17:59.764021
3790,H_150190350,2026-06-10 20:00:00.000000,245.0,2,2026-06-10 18:17:59.774058
3791,H_150190350,2026-06-10 21:00:00.000000,245.0,3,2026-06-10 18:17:59.776646
3792,H_150190360,2026-06-10 20:00:00.000000,166.9565217391304,2,2026-06-10 18:17:59.785006
3793,H_150190360,2026-06-10 21:00:00.000000,166.1086956521739,3,2026-06-10 18:17:59.788331
3804,H_150200010,2026-06-10 20:00:00.000000,197.99999999999977,2,2026-06-10 18:17:59.880165
3805,H_150200010,2026-06-10 21:00:00.000000,181.9999999999999,3,2026-06-10 18:17:59.882902
3806,H_150200030,2026-06-10 20:00:00.000000,64.8,2,2026-06-10 18:17:59.896546
3807,H_150200030,2026-06-10 21:00:00.000000,65.2,3,2026-06-10 18:17:59.900085
3808,H_150200050,2026-06-10 20:00:00.000000,85.25,2,2026-06-10 18:17:59.909785
3809,H_150200050,2026-06-10 21:00:00.000000,86.25,3,2026-06-10 18:17:59.912618
3810,H_150200060,2026-06-10 20:00:00.000000,0.0,2,2026-06-10 18:17:59.921354
3811,H_150200060,2026-06-10 21:00:00.000000,0.0,3,2026-06-10 18:17:59.924649
3812,H_150200070,2026-06-10 20:00:00.000000,359.9545454545456,2,2026-06-10 18:17:59.933434
3813,H_150200070,2026-06-10 21:00:00.000000,29.72727272727343,3,2026-06-10 18:17:59.936279
3814,H_150200080,2026-06-10 20:00:00.000000,180.00000000000006,2,2026-06-10 18:17:59.945908
3815,H_150200080,2026-06-10 21:00:00.000000,175.0,3,2026-06-10 18:17:59.949389
3816,H_150200090,2026-06-10 20:00:00.000000,190.37709497206723,2,2026-06-10 18:17:59.959093
3817,H_150200090,2026-06-10 21:00:00.000000,189.06424581005587,3,2026-06-10 18:17:59.962203
3818,H_150200100,2026-06-10 20:00:00.000000,242.93750000000023,2,2026-06-10 18:17:59.970377
3819,H_150200100,2026-06-10 21:00:00.000000,216.2499999999999,3,2026-06-10 18:17:59.974093
3820,H_150200120,2026-06-10 20:00:00.000000,114.66666666666667,2,2026-06-10 18:17:59.983121
3821,H_150200120,2026-06-10 21:00:00.000000,113.50000000000001,3,2026-06-10 18:17:59.986607
3822,H_150200140,2026-06-10 20:00:00.000000,420.33333333333303,2,2026-06-10 18:17:59.995751
3823,H_150200140,2026-06-10 21:00:00.000000,432.33333333333326,3,2026-06-10 18:17:59.998956
3824,H_150200150,2026-06-10 20:00:00.000000,73.16666666666657,2,2026-06-10 18:18:00.010237
3825,H_150200150,2026-06-10 21:00:00.000000,48.3333333333332,3,2026-06-10 18:18:00.014283
3826,H_150200160,2026-06-10 19:50:00.000000,106.00000000000006,2,2026-06-10 18:18:00.025176
3827,H_150200160,2026-06-10 20:50:00.000000,104.0,3,2026-06-10 18:18:00.028290
3828,H_150200170,2026-06-10 20:00:00.000000,6.649999999999636,2,2026-06-10 18:18:00.036905
3829,H_150200170,2026-06-10 21:00:00.000000,0.0,3,2026-06-10 18:18:00.040029
3832,H_150210010,2026-06-10 20:00:00.000000,103.4,2,2026-06-10 18:18:00.071148
3833,H_150210010,2026-06-10 21:00:00.000000,103.6,3,2026-06-10 18:18:00.074482
3834,H_150210020,2026-06-10 20:00:00.000000,109.25,2,2026-06-10 18:18:00.085343
3835,H_150210020,2026-06-10 21:00:00.000000,118.99999999999994,3,2026-06-10 18:18:00.089020
3836,H_150210030,2026-06-10 20:00:00.000000,277.1,2,2026-06-10 18:18:00.100602
3837,H_150210030,2026-06-10 21:00:00.000000,277.3,3,2026-06-10 18:18:00.104205
3838,H_150210040,2026-06-10 20:00:00.000000,104.58333333333334,2,2026-06-10 18:18:00.115109
3839,H_150210040,2026-06-10 21:00:00.000000,99.44444444444447,3,2026-06-10 18:18:00.118267
3840,H_150210080,2026-06-10 20:00:00.000000,152.39999999999873,2,2026-06-10 18:18:00.125535
3841,H_150210080,2026-06-10 21:00:00.000000,219.8,3,2026-06-10 18:18:00.128062
3842,H_150210090,2026-06-10 20:00:00.000000,73.99999999999999,2,2026-06-10 18:18:00.137679
3843,H_150210090,2026-06-10 21:00:00.000000,74.5,3,2026-06-10 18:18:00.140969
3844,H_150210100,2026-06-10 20:00:00.000000,94.51599443671765,2,2026-06-10 18:18:00.149962
3845,H_150210100,2026-06-10 21:00:00.000000,96.87899860917942,3,2026-06-10 18:18:00.152525
3846,H_150210110,2026-06-10 20:00:00.000000,183.33333333333326,2,2026-06-10 18:18:00.166074
3847,H_150210110,2026-06-10 21:00:00.000000,167.0,3,2026-06-10 18:18:00.168810
3848,H_150210120,2026-06-10 20:00:00.000000,168.0,2,2026-06-10 18:18:00.180373
3849,H_150210120,2026-06-10 21:00:00.000000,167.99999999999994,3,2026-06-10 18:18:00.182983
3850,H_150210130,2026-06-10 20:00:00.000000,78.6,2,2026-06-10 18:18:00.192602
3851,H_150210130,2026-06-10 21:00:00.000000,79.0,3,2026-06-10 18:18:00.195248
3852,H_150210140,2026-06-10 20:00:00.000000,88.8,2,2026-06-10 18:18:00.204345
3853,H_150210140,2026-06-10 21:00:00.000000,89.2,3,2026-06-10 18:18:00.207101
3854,H_150210150,2026-06-10 20:00:00.000000,117.00000000000006,2,2026-06-10 18:18:00.216466
3855,H_150210150,2026-06-10 21:00:00.000000,113.0,3,2026-06-10 18:18:00.220140
3856,H_150210160,2026-06-10 20:00:00.000000,157.4,2,2026-06-10 18:18:00.230334
3857,H_150210160,2026-06-10 21:00:00.000000,158.0,3,2026-06-10 18:18:00.233554
3858,H_150210170,2026-06-10 20:00:00.000000,120.99999999999994,2,2026-06-10 18:18:00.243800
3859,H_150210170,2026-06-10 21:00:00.000000,126.99999999999994,3,2026-06-10 18:18:00.247701
3860,H_150210180,2026-06-10 20:00:00.000000,176.0,2,2026-06-10 18:18:00.258211
3861,H_150210180,2026-06-10 21:00:00.000000,176.0,3,2026-06-10 18:18:00.261077
3862,H_150210190,2026-06-10 20:00:00.000000,197.6,2,2026-06-10 18:18:00.273604
3863,H_150210190,2026-06-10 21:00:00.000000,197.8,3,2026-06-10 18:18:00.276239
3864,H_150210200,2026-06-10 20:00:00.000000,204.4,2,2026-06-10 18:18:00.284270
3865,H_150210200,2026-06-10 21:00:00.000000,204.6,3,2026-06-10 18:18:00.287059
3866,H_150210210,2026-06-10 20:00:00.000000,197.6,2,2026-06-10 18:18:00.299087
3867,H_150210210,2026-06-10 21:00:00.000000,197.4,3,2026-06-10 18:18:00.303988
3868,H_150210220,2026-06-10 20:00:00.000000,144.0,2,2026-06-10 18:18:00.313475
3869,H_150210220,2026-06-10 21:00:00.000000,144.50000000000003,3,2026-06-10 18:18:00.316355
3870,H_150220010,2026-06-10 20:00:00.000000,37.0,2,2026-06-10 18:18:00.323898
3871,H_150220010,2026-06-10 21:00:00.000000,37.0,3,2026-06-10 18:18:00.326306
3872,H_150220020,2026-06-10 20:00:00.000000,21.0,2,2026-06-10 18:18:00.333956
3873,H_150220020,2026-06-10 21:00:00.000000,23.000000000000007,3,2026-06-10 18:18:00.336375
3874,H_150220030,2026-06-10 20:00:00.000000,100.6,2,2026-06-10 18:18:00.343894
3875,H_150220030,2026-06-10 21:00:00.000000,100.4,3,2026-06-10 18:18:00.345979
3876,H_150220040,2026-06-10 20:00:00.000000,122.25,2,2026-06-10 18:18:00.353124
3877,H_150220040,2026-06-10 21:00:00.000000,122.25,3,2026-06-10 18:18:00.355566
3878,H_150220050,2026-06-10 20:00:00.000000,75.8,2,2026-06-10 18:18:00.363957
3879,H_150220050,2026-06-10 21:00:00.000000,75.6,3,2026-06-10 18:18:00.366560
3880,H_150220060,2026-06-10 20:00:00.000000,125.58320382917884,2,2026-06-10 18:18:00.374337
3881,H_150220060,2026-06-10 21:00:00.000000,124.68309815378879,3,2026-06-10 18:18:00.377317
3882,H_150220070,2026-06-10 20:00:00.000000,200.33333333333326,2,2026-06-10 18:18:00.384881
3883,H_150220070,2026-06-10 21:00:00.000000,202.0,3,2026-06-10 18:18:00.388427
3884,H_150220080,2026-06-10 20:00:00.000000,169.5,2,2026-06-10 18:18:00.398136
3885,H_150220080,2026-06-10 21:00:00.000000,169.49999999999997,3,2026-06-10 18:18:00.401523
3886,H_150220090,2026-06-10 20:00:00.000000,89.75000000000001,2,2026-06-10 18:18:00.409283
3887,H_150220090,2026-06-10 21:00:00.000000,90.25,3,2026-06-10 18:18:00.411735
3888,H_150220100,2026-06-10 20:00:00.000000,47.0,2,2026-06-10 18:18:00.419130
3889,H_150220100,2026-06-10 21:00:00.000000,47.0,3,2026-06-10 18:18:00.421716
3890,H_150220110,2026-06-10 20:00:00.000000,77.0,2,2026-06-10 18:18:00.429682
3891,H_150220110,2026-06-10 21:00:00.000000,77.0,3,2026-06-10 18:18:00.432037
3892,H_150220120,2026-06-10 20:00:00.000000,92.0,2,2026-06-10 18:18:00.439877
3893,H_150220120,2026-06-10 21:00:00.000000,92.0,3,2026-06-10 18:18:00.442189
3894,H_150220130,2026-06-10 20:00:00.000000,57.99999999999997,2,2026-06-10 18:18:00.449605
3895,H_150220130,2026-06-10 21:00:00.000000,49.66666666666663,3,2026-06-10 18:18:00.452672
3896,H_150220140,2026-06-10 20:00:00.000000,130.0,2,2026-06-10 18:18:00.461182
3897,H_150220140,2026-06-10 21:00:00.000000,130.0,3,2026-06-10 18:18:00.464774
3898,H_150220160,2026-06-10 20:00:00.000000,156.0,2,2026-06-10 18:18:00.474370
3899,H_150220160,2026-06-10 21:00:00.000000,156.0,3,2026-06-10 18:18:00.478533
3900,H_150230010,2026-06-10 20:00:00.000000,8.333333333333332,2,2026-06-10 18:18:00.490362
3901,H_150230010,2026-06-10 21:00:00.000000,8.333333333333332,3,2026-06-10 18:18:00.494110
3904,H_150230040,2026-06-10 20:00:00.000000,250.0,2,2026-06-10 18:18:00.526992
3905,H_150230040,2026-06-10 21:00:00.000000,250.0,3,2026-06-10 18:18:00.530406
3908,H_150230070,2026-06-10 20:00:00.000000,162.0,2,2026-06-10 18:18:00.561771
3909,H_150230070,2026-06-10 21:00:00.000000,162.0,3,2026-06-10 18:18:00.564720
3910,H_150230080,2026-06-10 20:00:00.000000,42.0,2,2026-06-10 18:18:00.573902
3911,H_150230080,2026-06-10 21:00:00.000000,42.0,3,2026-06-10 18:18:00.577751
3913,H_150240010,2026-06-10 20:00:00.000000,207.0,2,2026-06-10 18:18:00.596487
3914,H_150240010,2026-06-10 21:00:00.000000,207.2,3,2026-06-10 18:18:00.599840
3915,H_150240020,2026-06-10 20:00:00.000000,21.0,2,2026-06-10 18:18:00.614367
3916,H_150240020,2026-06-10 21:00:00.000000,22.0,3,2026-06-10 18:18:00.617135
3917,H_151140010,2026-06-10 20:00:00.000000,31.095957135898686,2,2026-06-10 18:18:00.627553
3918,H_151140010,2026-06-10 21:00:00.000000,33.3273258645884,3,2026-06-10 18:18:00.630564
3919,H_151140020,2026-06-10 20:00:00.000000,108.0,2,2026-06-10 18:18:00.638494
3920,H_151140020,2026-06-10 21:00:00.000000,108.0,3,2026-06-10 18:18:00.641142
3921,H_151140030,2026-06-10 20:00:00.000000,226.0,2,2026-06-10 18:18:00.648072
3922,H_151140030,2026-06-10 21:00:00.000000,226.0,3,2026-06-10 18:18:00.651171
3923,H_151140040,2026-06-10 20:00:00.000000,72.00000000000001,2,2026-06-10 18:18:00.658964
3924,H_151140040,2026-06-10 21:00:00.000000,71.5,3,2026-06-10 18:18:00.661733
3925,H_151140050,2026-06-10 20:00:00.000000,159.8,2,2026-06-10 18:18:00.670039
3926,H_151140050,2026-06-10 21:00:00.000000,159.8,3,2026-06-10 18:18:00.673338
3927,H_151140060,2026-06-10 20:00:00.000000,139.15,2,2026-06-10 18:18:00.681239
3928,H_151140060,2026-06-10 21:00:00.000000,139.5,3,2026-06-10 18:18:00.683815
3930,H_151150020,2026-06-10 20:00:00.000000,107.49999999999999,2,2026-06-10 18:18:00.698900
3931,H_151150020,2026-06-10 21:00:00.000000,109.50000000000001,3,2026-06-10 18:18:00.701629
3932,H_151150040,2026-06-10 20:00:00.000000,136.5,2,2026-06-10 18:18:00.710023
3933,H_151150040,2026-06-10 21:00:00.000000,136.0,3,2026-06-10 18:18:00.712946
3934,H_151150050,2026-06-10 20:00:00.000000,305.0,2,2026-06-10 18:18:00.721749
3935,H_151150050,2026-06-10 21:00:00.000000,301.00000000000006,3,2026-06-10 18:18:00.724394
3936,H_151150060,2026-06-10 20:00:00.000000,10.0,2,2026-06-10 18:18:00.732506
3937,H_151150060,2026-06-10 21:00:00.000000,10.0,3,2026-06-10 18:18:00.734969
3938,H_151150080,2026-06-10 20:00:00.000000,218.5,2,2026-06-10 18:18:00.743516
3939,H_151150080,2026-06-10 21:00:00.000000,221.0,3,2026-06-10 18:18:00.746032
3940,H_151150090,2026-06-10 20:00:00.000000,119.69642857142856,2,2026-06-10 18:18:00.753766
3941,H_151150090,2026-06-10 21:00:00.000000,120.14285714285715,3,2026-06-10 18:18:00.757134
3942,H_151150100,2026-06-10 20:00:00.000000,116.60641139804096,2,2026-06-10 18:18:00.765107
3943,H_151150100,2026-06-10 21:00:00.000000,119.60552092609085,3,2026-06-10 18:18:00.767796
3944,H_151150110,2026-06-10 20:00:00.000000,93.00000000000001,2,2026-06-10 18:18:00.775599
3945,H_151150110,2026-06-10 21:00:00.000000,92.99999999999999,3,2026-06-10 18:18:00.778581
3946,H_151150120,2026-06-10 20:00:00.000000,129.04937304075247,2,2026-06-10 18:18:00.786502
3947,H_151150120,2026-06-10 21:00:00.000000,126.35031347962382,3,2026-06-10 18:18:00.789191
3948,H_151150130,2026-06-10 20:00:00.000000,87.76923076923089,2,2026-06-10 18:18:00.797057
3949,H_151150130,2026-06-10 21:00:00.000000,0.0,3,2026-06-10 18:18:00.799271
3950,H_151150140,2026-06-10 20:00:00.000000,95.875,2,2026-06-10 18:18:00.808256
3951,H_151150140,2026-06-10 21:00:00.000000,95.125,3,2026-06-10 18:18:00.810886
3952,H_151150150,2026-06-10 20:00:00.000000,117.00000000000006,2,2026-06-10 18:18:00.818632
3953,H_151150150,2026-06-10 21:00:00.000000,120.00000000000003,3,2026-06-10 18:18:00.821237
3954,H_151150160,2026-06-10 20:00:00.000000,80.6,2,2026-06-10 18:18:00.829885
3955,H_151150160,2026-06-10 21:00:00.000000,80.4,3,2026-06-10 18:18:00.832901
3956,H_151150170,2026-06-10 20:00:00.000000,117.0,2,2026-06-10 18:18:00.841282
3957,H_151150170,2026-06-10 21:00:00.000000,117.0,3,2026-06-10 18:18:00.844506
3959,H_151160020,2026-06-10 20:00:00.000000,99.0,2,2026-06-10 18:18:00.860237
3960,H_151160020,2026-06-10 21:00:00.000000,99.0,3,2026-06-10 18:18:00.863038
3962,H_151160050,2026-06-10 20:00:00.000000,59.6,2,2026-06-10 18:18:00.878591
3963,H_151160050,2026-06-10 21:00:00.000000,59.4,3,2026-06-10 18:18:00.881095
3964,H_151160070,2026-06-10 20:00:00.000000,35.0,2,2026-06-10 18:18:00.890842
3965,H_151160070,2026-06-10 21:00:00.000000,35.0,3,2026-06-10 18:18:00.894063
3966,H_151160090,2026-06-10 20:00:00.000000,19.0,2,2026-06-10 18:18:00.902132
3967,H_151160090,2026-06-10 21:00:00.000000,19.0,3,2026-06-10 18:18:00.904242
3968,H_151160100,2026-06-10 20:00:00.000000,117.0,2,2026-06-10 18:18:00.912297
3969,H_151160100,2026-06-10 21:00:00.000000,117.0,3,2026-06-10 18:18:00.915267
3970,H_151160130,2026-06-10 20:00:00.000000,66.74999999999999,2,2026-06-10 18:18:00.924003
3971,H_151160130,2026-06-10 21:00:00.000000,64.33333333333329,3,2026-06-10 18:18:00.927739
3972,H_151160140,2026-06-10 20:00:00.000000,104.33333333333337,2,2026-06-10 18:18:00.936714
3973,H_151160140,2026-06-10 21:00:00.000000,107.66666666666669,3,2026-06-10 18:18:00.939482
3974,H_151160150,2026-06-10 20:00:00.000000,148.22222222222223,2,2026-06-10 18:18:00.947521
3975,H_151160150,2026-06-10 21:00:00.000000,142.88888888888889,3,2026-06-10 18:18:00.950017
3976,H_151160160,2026-06-10 20:00:00.000000,104.0,2,2026-06-10 18:18:00.957600
3977,H_151160160,2026-06-10 21:00:00.000000,104.0,3,2026-06-10 18:18:00.959821
3978,H_151160170,2026-06-10 20:00:00.000000,325.0,2,2026-06-10 18:18:00.966920
3979,H_151160170,2026-06-10 21:00:00.000000,324.56250000000006,3,2026-06-10 18:18:00.969140
3980,H_151160180,2026-06-10 20:00:00.000000,38.5,2,2026-06-10 18:18:00.975950
3981,H_151160180,2026-06-10 21:00:00.000000,19.499999999999886,3,2026-06-10 18:18:00.978274
3982,H_151160190,2026-06-10 20:00:00.000000,85.0,2,2026-06-10 18:18:00.985039
3983,H_151160190,2026-06-10 21:00:00.000000,85.0,3,2026-06-10 18:18:00.987220
3984,H_151160220,2026-06-10 20:00:00.000000,118.0,2,2026-06-10 18:18:00.994260
3985,H_151160220,2026-06-10 21:00:00.000000,118.0,3,2026-06-10 18:18:00.997827
3986,H_151160230,2026-06-10 20:00:00.000000,204.0,2,2026-06-10 18:18:01.007840
3987,H_151160230,2026-06-10 21:00:00.000000,203.99999999999991,3,2026-06-10 18:18:01.010701
3989,H_151170010,2026-06-10 20:00:00.000000,100.5,2,2026-06-10 18:18:01.027076
3990,H_151170010,2026-06-10 21:00:00.000000,99.99999999999997,3,2026-06-10 18:18:01.029474
3991,H_151170030,2026-06-10 20:00:00.000000,317.4,2,2026-06-10 18:18:01.036654
3992,H_151170030,2026-06-10 21:00:00.000000,317.4,3,2026-06-10 18:18:01.038974
3993,H_151170040,2026-06-10 20:00:00.000000,93.0,2,2026-06-10 18:18:01.045954
3994,H_151170040,2026-06-10 21:00:00.000000,93.0,3,2026-06-10 18:18:01.048553
3995,H_151170050,2026-06-10 20:00:00.000000,259.0,2,2026-06-10 18:18:01.056235
3996,H_151170050,2026-06-10 21:00:00.000000,259.0,3,2026-06-10 18:18:01.058666
3997,H_151170060,2026-06-10 20:00:00.000000,217.2,2,2026-06-10 18:18:01.065783
3998,H_151170060,2026-06-10 21:00:00.000000,216.8,3,2026-06-10 18:18:01.067905
3999,H_151170070,2026-06-10 20:00:00.000000,35.00000000000003,2,2026-06-10 18:18:01.075401
4000,H_151170070,2026-06-10 21:00:00.000000,27.5,3,2026-06-10 18:18:01.078377
4001,H_151170080,2026-06-10 20:00:00.000000,76.00000000000001,2,2026-06-10 18:18:01.085760
4002,H_151170080,2026-06-10 21:00:00.000000,76.00000000000001,3,2026-06-10 18:18:01.088333
4003,H_151170090,2026-06-10 20:00:00.000000,0.0,2,2026-06-10 18:18:01.095468
4004,H_151170090,2026-06-10 21:00:00.000000,0.0,3,2026-06-10 18:18:01.097808
4005,H_151180010,2026-06-10 19:50:00.000000,35.00000000000006,2,2026-06-10 18:18:01.106794
4006,H_151180010,2026-06-10 20:50:00.000000,52.999999999999986,3,2026-06-10 18:18:01.109468
4007,H_151180020,2026-06-10 19:50:00.000000,68.0,2,2026-06-10 18:18:01.116703
4008,H_151180020,2026-06-10 20:50:00.000000,68.0,3,2026-06-10 18:18:01.120360
4009,H_151180030,2026-06-10 20:00:00.000000,40.0,2,2026-06-10 18:18:01.131808
4010,H_151180030,2026-06-10 21:00:00.000000,40.0,3,2026-06-10 18:18:01.135408
4011,H_151180040,2026-06-10 19:50:00.000000,145.0,2,2026-06-10 18:18:01.149771
4012,H_151180040,2026-06-10 20:50:00.000000,147.33333333333337,3,2026-06-10 18:18:01.154112
4013,H_151180050,2026-06-10 20:00:00.000000,157.33333333333348,2,2026-06-10 18:18:01.168433
4014,H_151180050,2026-06-10 21:00:00.000000,168.99999999999994,3,2026-06-10 18:18:01.172042
4015,H_151180060,2026-06-10 19:50:00.000000,127.99999999999999,2,2026-06-10 18:18:01.185075
4016,H_151180060,2026-06-10 20:50:00.000000,127.99999999999999,3,2026-06-10 18:18:01.188900
4017,H_151180070,2026-06-10 19:50:00.000000,102.8,2,2026-06-10 18:18:01.201874
4018,H_151180070,2026-06-10 20:50:00.000000,103.2,3,2026-06-10 18:18:01.205635
4019,H_151180080,2026-06-10 20:00:00.000000,142.0,2,2026-06-10 18:18:01.217023
4020,H_151180080,2026-06-10 21:00:00.000000,141.8,3,2026-06-10 18:18:01.221151
4021,H_151180090,2026-06-10 19:50:00.000000,80.4,2,2026-06-10 18:18:01.231723
4022,H_151180090,2026-06-10 20:50:00.000000,80.6,3,2026-06-10 18:18:01.234230
4023,H_151180100,2026-06-10 20:00:00.000000,113.99999999999999,2,2026-06-10 18:18:01.242329
4024,H_151180100,2026-06-10 21:00:00.000000,114.0,3,2026-06-10 18:18:01.245826
4025,H_151180110,2026-06-10 20:00:00.000000,9.999999999999998,2,2026-06-10 18:18:01.252721
4026,H_151180110,2026-06-10 21:00:00.000000,7.999999999999998,3,2026-06-10 18:18:01.255420
4027,H_151180120,2026-06-10 20:00:00.000000,60.0,2,2026-06-10 18:18:01.263631
4028,H_151180120,2026-06-10 21:00:00.000000,59.99999999999999,3,2026-06-10 18:18:01.265944
4029,H_151180130,2026-06-10 20:00:00.000000,391.8,2,2026-06-10 18:18:01.273713
4030,H_151180130,2026-06-10 21:00:00.000000,392.2,3,2026-06-10 18:18:01.276734
4031,H_151180150,2026-06-10 19:50:00.000000,148.8,2,2026-06-10 18:18:01.291121
4032,H_151180150,2026-06-10 20:50:00.000000,149.2,3,2026-06-10 18:18:01.294533
4033,H_151180160,2026-06-10 19:50:00.000000,105.8,2,2026-06-10 18:18:01.304751
4034,H_151180160,2026-06-10 20:50:00.000000,106.4,3,2026-06-10 18:18:01.307430
4035,H_151180180,2026-06-10 19:50:00.000000,113.6,2,2026-06-10 18:18:01.314582
4036,H_151180180,2026-06-10 20:50:00.000000,114.2,3,2026-06-10 18:18:01.317012
4037,H_151190010,2026-06-10 20:00:00.000000,74.2,2,2026-06-10 18:18:01.324680
4038,H_151190010,2026-06-10 21:00:00.000000,74.2,3,2026-06-10 18:18:01.327037
4039,H_151190020,2026-06-10 19:50:00.000000,112.0,2,2026-06-10 18:18:01.333859
4040,H_151190020,2026-06-10 20:50:00.000000,110.5,3,2026-06-10 18:18:01.336071
4041,H_151190030,2026-06-10 19:50:00.000000,101.2,2,2026-06-10 18:18:01.343814
4042,H_151190030,2026-06-10 20:50:00.000000,103.0,3,2026-06-10 18:18:01.346002
4043,H_151190060,2026-06-10 20:00:00.000000,76.6,2,2026-06-10 18:18:01.352490
4044,H_151190060,2026-06-10 21:00:00.000000,77.0,3,2026-06-10 18:18:01.354474
4046,H_151190080,2026-06-10 20:00:00.000000,250.8,2,2026-06-10 18:18:01.366968
4047,H_151190080,2026-06-10 21:00:00.000000,251.0,3,2026-06-10 18:18:01.370710
4048,H_151190100,2026-06-10 20:00:00.000000,132.0,2,2026-06-10 18:18:01.378342
4049,H_151190100,2026-06-10 21:00:00.000000,132.0,3,2026-06-10 18:18:01.381340
4050,H_151190120,2026-06-10 20:00:00.000000,247.27272727272737,2,2026-06-10 18:18:01.390101
4051,H_151190120,2026-06-10 21:00:00.000000,298.72727272727275,3,2026-06-10 18:18:01.393371
4052,H_151200020,2026-06-10 20:00:00.000000,14.999999999999998,2,2026-06-10 18:18:01.401854
4053,H_151200020,2026-06-10 21:00:00.000000,17.000000000000004,3,2026-06-10 18:18:01.405056
4056,H_151200080,2026-06-10 20:00:00.000000,117.4,2,2026-06-10 18:18:01.428653
4057,H_151200080,2026-06-10 21:00:00.000000,116.6,3,2026-06-10 18:18:01.432149
4058,H_151200090,2026-06-10 20:00:00.000000,37.0,2,2026-06-10 18:18:01.452340
4059,H_151200090,2026-06-10 21:00:00.000000,37.0,3,2026-06-10 18:18:01.455693
4060,H_151200100,2026-06-10 20:00:00.000000,112.4,2,2026-06-10 18:18:01.464732
4061,H_151200100,2026-06-10 21:00:00.000000,112.4,3,2026-06-10 18:18:01.468075
4062,H_151200120,2026-06-10 20:00:00.000000,133.0,2,2026-06-10 18:18:01.476556
4063,H_151200120,2026-06-10 21:00:00.000000,131.99999999999997,3,2026-06-10 18:18:01.480434
4064,H_151210020,2026-06-10 20:00:00.000000,38.5,2,2026-06-10 18:18:01.489490
4065,H_151210020,2026-06-10 21:00:00.000000,38.500000000000014,3,2026-06-10 18:18:01.493013
4066,H_151210040,2026-06-10 20:00:00.000000,129.0,2,2026-06-10 18:18:01.501328
4067,H_151210040,2026-06-10 21:00:00.000000,128.99999999999997,3,2026-06-10 18:18:01.504539
4068,H_151210050,2026-06-10 20:00:00.000000,129.00000000000003,2,2026-06-10 18:18:01.513045
4069,H_151210050,2026-06-10 21:00:00.000000,128.49999999999997,3,2026-06-10 18:18:01.516492
4070,H_151210060,2026-06-10 20:00:00.000000,106.99999999999994,2,2026-06-10 18:18:01.525316
4071,H_151210060,2026-06-10 21:00:00.000000,106.50000000000003,3,2026-06-10 18:18:01.528358
4072,H_151210090,2026-06-10 20:00:00.000000,102.00000000000006,2,2026-06-10 18:18:01.536410
4073,H_151210090,2026-06-10 21:00:00.000000,37.999999999999986,3,2026-06-10 18:18:01.539892
4074,H_151210120,2026-06-10 20:00:00.000000,126.99999999999997,2,2026-06-10 18:18:01.549223
4075,H_151210120,2026-06-10 21:00:00.000000,125.99999999999997,3,2026-06-10 18:18:01.552409
4076,H_151210190,2026-06-10 20:00:00.000000,106.0,2,2026-06-10 18:18:01.562568
4077,H_151210190,2026-06-10 21:00:00.000000,107.5,3,2026-06-10 18:18:01.565874
4078,H_151220010,2026-06-10 20:00:00.000000,132.66666666666663,2,2026-06-10 18:18:01.575025
4079,H_151220010,2026-06-10 21:00:00.000000,131.33333333333343,3,2026-06-10 18:18:01.578362
4080,H_151220040,2026-06-10 20:00:00.000000,230.2,2,2026-06-10 18:18:01.587396
4081,H_151220040,2026-06-10 21:00:00.000000,230.2,3,2026-06-10 18:18:01.591424
4083,H_151220070,2026-06-10 20:00:00.000000,247.6,2,2026-06-10 18:18:01.607428
4084,H_151220070,2026-06-10 21:00:00.000000,247.4,3,2026-06-10 18:18:01.610521
4085,H_151220080,2026-06-10 20:00:00.000000,176.99999999999977,2,2026-06-10 18:18:01.619877
4086,H_151220080,2026-06-10 21:00:00.000000,177.0,3,2026-06-10 18:18:01.623924
4087,H_151220090,2026-06-10 19:50:00.000000,163.6,2,2026-06-10 18:18:01.633880
4088,H_151220090,2026-06-10 20:50:00.000000,163.4,3,2026-06-10 18:18:01.637029
4089,H_151220100,2026-06-10 20:00:00.000000,90.0,2,2026-06-10 18:18:01.645883
4090,H_151220100,2026-06-10 21:00:00.000000,87.5,3,2026-06-10 18:18:01.649672
4092,H_151220120,2026-06-10 20:00:00.000000,157.0,2,2026-06-10 18:18:01.667428
4093,H_151220120,2026-06-10 21:00:00.000000,157.0,3,2026-06-10 18:18:01.671217
4095,H_151220140,2026-06-10 20:00:00.000000,210.00000000000023,2,2026-06-10 18:18:01.694987
4096,H_151220140,2026-06-10 21:00:00.000000,209.0,3,2026-06-10 18:18:01.698330
4097,H_151220150,2026-06-10 20:00:00.000000,140.4,2,2026-06-10 18:18:01.710154
4098,H_151220150,2026-06-10 21:00:00.000000,140.6,3,2026-06-10 18:18:01.713590
4100,H_151230040,2026-06-10 20:00:00.000000,76.0,2,2026-06-10 18:18:01.730707
4101,H_151230040,2026-06-10 21:00:00.000000,76.0,3,2026-06-10 18:18:01.733882
4102,H_152140010,2026-06-10 20:00:00.000000,204.4,2,2026-06-10 18:18:01.742641
4103,H_152140010,2026-06-10 21:00:00.000000,204.8,3,2026-06-10 18:18:01.745879
4104,H_152140020,2026-06-10 20:00:00.000000,228.0,2,2026-06-10 18:18:01.753904
4105,H_152140020,2026-06-10 21:00:00.000000,226.99999999999955,3,2026-06-10 18:18:01.757876
4106,H_152140050,2026-06-10 20:00:00.000000,136.98666666666668,2,2026-06-10 18:18:01.767140
4107,H_152140050,2026-06-10 21:00:00.000000,133.77999999999994,3,2026-06-10 18:18:01.771431
4108,H_152140070,2026-06-10 20:00:00.000000,142.5,2,2026-06-10 18:18:01.778960
4109,H_152140070,2026-06-10 21:00:00.000000,142.25000000000003,3,2026-06-10 18:18:01.782513
4110,H_152140130,2026-06-10 20:00:00.000000,43.25,2,2026-06-10 18:18:01.790609
4111,H_152140130,2026-06-10 21:00:00.000000,25.249999999999943,3,2026-06-10 18:18:01.793316
4112,H_152150010,2026-06-10 20:00:00.000000,186.6,2,2026-06-10 18:18:01.800398
4113,H_152150010,2026-06-10 21:00:00.000000,186.4,3,2026-06-10 18:18:01.804963
4114,H_152150020,2026-06-10 20:00:00.000000,203.02515723270434,2,2026-06-10 18:18:01.814691
4115,H_152150020,2026-06-10 21:00:00.000000,203.7169811320755,3,2026-06-10 18:18:01.817409
4116,H_152150050,2026-06-10 20:00:00.000000,65.37499999999977,2,2026-06-10 18:18:01.824437
4117,H_152150050,2026-06-10 21:00:00.000000,81.62500000000023,3,2026-06-10 18:18:01.826564
4118,H_152150080,2026-06-10 20:00:00.000000,192.8125,2,2026-06-10 18:18:01.833892
4119,H_152150080,2026-06-10 21:00:00.000000,193.13124999999997,3,2026-06-10 18:18:01.836521
4120,H_152150090,2026-06-10 20:00:00.000000,17.0,2,2026-06-10 18:18:01.843916
4121,H_152150090,2026-06-10 21:00:00.000000,17.0,3,2026-06-10 18:18:01.846170
4122,H_152150100,2026-06-10 20:00:00.000000,98.99999999999999,2,2026-06-10 18:18:01.853465
4123,H_152150100,2026-06-10 21:00:00.000000,99.0,3,2026-06-10 18:18:01.855937
4124,H_152150110,2026-06-10 20:00:00.000000,127.0,2,2026-06-10 18:18:01.863116
4125,H_152150110,2026-06-10 21:00:00.000000,127.0,3,2026-06-10 18:18:01.866143
4126,H_152150130,2026-06-10 20:00:00.000000,116.0,2,2026-06-10 18:18:01.873735
4127,H_152150130,2026-06-10 21:00:00.000000,116.0,3,2026-06-10 18:18:01.875966
4128,H_152150140,2026-06-10 20:00:00.000000,141.0,2,2026-06-10 18:18:01.883069
4129,H_152150140,2026-06-10 21:00:00.000000,141.0,3,2026-06-10 18:18:01.885275
4131,H_152150190,2026-06-10 20:00:00.000000,75.0,2,2026-06-10 18:18:01.901251
4132,H_152150190,2026-06-10 21:00:00.000000,75.0,3,2026-06-10 18:18:01.904954
4133,H_152150200,2026-06-10 20:00:00.000000,68.0,2,2026-06-10 18:18:01.912602
4134,H_152150200,2026-06-10 21:00:00.000000,68.00000000000001,3,2026-06-10 18:18:01.914837
4136,H_152150240,2026-06-10 20:00:00.000000,21.0,2,2026-06-10 18:18:01.929105
4137,H_152150240,2026-06-10 21:00:00.000000,21.0,3,2026-06-10 18:18:01.931234
4138,H_152160010,2026-06-10 20:00:00.000000,38.99999999999977,2,2026-06-10 18:18:01.938437
4139,H_152160010,2026-06-10 21:00:00.000000,56.99999999999966,3,2026-06-10 18:18:01.941301
4140,H_152160050,2026-06-10 20:00:00.000000,113.0,2,2026-06-10 18:18:01.948573
4141,H_152160050,2026-06-10 21:00:00.000000,112.8,3,2026-06-10 18:18:01.950774
4142,H_152160060,2026-06-10 20:00:00.000000,151.4,2,2026-06-10 18:18:01.957921
4143,H_152160060,2026-06-10 21:00:00.000000,151.6,3,2026-06-10 18:18:01.960520
4144,H_152160070,2026-06-10 20:00:00.000000,213.12500000000003,2,2026-06-10 18:18:01.967974
4145,H_152160070,2026-06-10 21:00:00.000000,212.71875000000003,3,2026-06-10 18:18:01.970623
4146,H_152160090,2026-06-10 20:00:00.000000,118.0,2,2026-06-10 18:18:01.978597
4147,H_152160090,2026-06-10 21:00:00.000000,119.0,3,2026-06-10 18:18:01.980947
4148,H_152160100,2026-06-10 20:00:00.000000,143.8,2,2026-06-10 18:18:01.988262
4149,H_152160100,2026-06-10 21:00:00.000000,143.2,3,2026-06-10 18:18:01.990791
4150,H_152160110,2026-06-10 20:00:00.000000,111.74349083895851,2,2026-06-10 18:18:01.997642
4151,H_152160110,2026-06-10 21:00:00.000000,113.21046287367406,3,2026-06-10 18:18:02.000142
4152,H_152160120,2026-06-10 20:00:00.000000,96.75,2,2026-06-10 18:18:02.006970
4153,H_152160120,2026-06-10 21:00:00.000000,96.75,3,2026-06-10 18:18:02.010000
4154,H_152160130,2026-06-10 20:00:00.000000,28.0,2,2026-06-10 18:18:02.017109
4155,H_152160130,2026-06-10 21:00:00.000000,28.0,3,2026-06-10 18:18:02.019439
4156,H_152160140,2026-06-10 20:00:00.000000,120.66666666666667,2,2026-06-10 18:18:02.026471
4157,H_152160140,2026-06-10 21:00:00.000000,121.33333333333334,3,2026-06-10 18:18:02.028686
4159,H_152170010,2026-06-10 20:00:00.000000,151.2,2,2026-06-10 18:18:02.042866
4160,H_152170010,2026-06-10 21:00:00.000000,151.4,3,2026-06-10 18:18:02.046211
4161,H_152170060,2026-06-10 20:00:00.000000,145.0000000000001,2,2026-06-10 18:18:02.053987
4162,H_152170060,2026-06-10 21:00:00.000000,143.0,3,2026-06-10 18:18:02.057063
4163,H_152170080,2026-06-10 20:00:00.000000,183.2,2,2026-06-10 18:18:02.063504
4164,H_152170080,2026-06-10 21:00:00.000000,182.8,3,2026-06-10 18:18:02.066419
4165,H_152170120,2026-06-10 20:00:00.000000,93.6,2,2026-06-10 18:18:02.073704
4166,H_152170120,2026-06-10 21:00:00.000000,93.4,3,2026-06-10 18:18:02.076942
4167,H_152170130,2026-06-10 20:00:00.000000,116.99999999999994,2,2026-06-10 18:18:02.083792
4168,H_152170130,2026-06-10 21:00:00.000000,115.75,3,2026-06-10 18:18:02.086891
4169,H_152170150,2026-06-10 20:00:00.000000,65.4,2,2026-06-10 18:18:02.093752
4170,H_152170150,2026-06-10 21:00:00.000000,65.6,3,2026-06-10 18:18:02.096794
4171,H_152179994,2026-06-10 20:00:00.000000,230.00000000000023,2,2026-06-10 18:18:02.105181
4172,H_152179994,2026-06-10 21:00:00.000000,221.0000000000001,3,2026-06-10 18:18:02.108395
4173,H_152180010,2026-06-10 20:00:00.000000,170.83333333333343,2,2026-06-10 18:18:02.116100
4174,H_152180010,2026-06-10 21:00:00.000000,142.16666666666674,3,2026-06-10 18:18:02.119254
4175,H_152180030,2026-06-10 20:00:00.000000,163.0,2,2026-06-10 18:18:02.127438
4176,H_152180030,2026-06-10 21:00:00.000000,163.0,3,2026-06-10 18:18:02.130632
4177,H_152180050,2026-06-10 20:00:00.000000,241.0,2,2026-06-10 18:18:02.139969
4178,H_152180050,2026-06-10 21:00:00.000000,239.5,3,2026-06-10 18:18:02.143033
4179,H_152180060,2026-06-10 20:00:00.000000,137.49999999999977,2,2026-06-10 18:18:02.152109
4180,H_152180060,2026-06-10 21:00:00.000000,152.125,3,2026-06-10 18:18:02.155888
4181,H_152180080,2026-06-10 20:00:00.000000,205.2,2,2026-06-10 18:18:02.165933
4182,H_152180080,2026-06-10 21:00:00.000000,205.2,3,2026-06-10 18:18:02.169339
4184,H_152180110,2026-06-10 20:00:00.000000,138.39473684210526,2,2026-06-10 18:18:02.184950
4185,H_152180110,2026-06-10 21:00:00.000000,137.94736842105266,3,2026-06-10 18:18:02.189130
4186,H_152180120,2026-06-10 20:00:00.000000,190.0,2,2026-06-10 18:18:02.198064
4187,H_152180120,2026-06-10 21:00:00.000000,190.0,3,2026-06-10 18:18:02.201539
4188,H_152180140,2026-06-10 20:00:00.000000,93.0,2,2026-06-10 18:18:02.211401
4189,H_152180140,2026-06-10 21:00:00.000000,93.0,3,2026-06-10 18:18:02.215314
4190,H_152180150,2026-06-10 19:50:00.000000,106.33333333333334,2,2026-06-10 18:18:02.224815
4191,H_152180150,2026-06-10 20:50:00.000000,101.33333333333334,3,2026-06-10 18:18:02.228195
4192,H_152180160,2026-06-10 20:00:00.000000,290.7499999999999,2,2026-06-10 18:18:02.237459
4193,H_152180160,2026-06-10 21:00:00.000000,293.0000000000001,3,2026-06-10 18:18:02.240841
4194,H_152180180,2026-06-10 20:00:00.000000,90.0,2,2026-06-10 18:18:02.249074
4195,H_152180180,2026-06-10 21:00:00.000000,90.0,3,2026-06-10 18:18:02.252285
4196,H_152190020,2026-06-10 20:00:00.000000,81.0,2,2026-06-10 18:18:02.260837
4197,H_152190020,2026-06-10 21:00:00.000000,81.0,3,2026-06-10 18:18:02.264672
4198,H_152190030,2026-06-10 20:00:00.000000,88.7215909090909,2,2026-06-10 18:18:02.275781
4199,H_152190030,2026-06-10 21:00:00.000000,91.76136363636361,3,2026-06-10 18:18:02.279066
4200,H_152190040,2026-06-10 20:00:00.000000,82.4,2,2026-06-10 18:18:02.287882
4201,H_152190040,2026-06-10 21:00:00.000000,82.6,3,2026-06-10 18:18:02.291101
4202,H_152190050,2026-06-10 20:00:00.000000,127.0,2,2026-06-10 18:18:02.298853
4203,H_152190050,2026-06-10 21:00:00.000000,127.0,3,2026-06-10 18:18:02.301910
4204,H_152190100,2026-06-10 20:00:00.000000,225.4,2,2026-06-10 18:18:02.310051
4205,H_152190100,2026-06-10 21:00:00.000000,225.6,3,2026-06-10 18:18:02.313444
4206,H_152190110,2026-06-10 20:00:00.000000,30.0,2,2026-06-10 18:18:02.322400
4207,H_152190110,2026-06-10 21:00:00.000000,30.000000000000004,3,2026-06-10 18:18:02.325920
4208,H_152190120,2026-06-10 20:00:00.000000,180.4,2,2026-06-10 18:18:02.335087
4209,H_152190120,2026-06-10 21:00:00.000000,180.6,3,2026-06-10 18:18:02.338256
4210,H_152190160,2026-06-10 20:00:00.000000,91.8,2,2026-06-10 18:18:02.347192
4211,H_152190160,2026-06-10 21:00:00.000000,91.8,3,2026-06-10 18:18:02.350288
4213,H_152199995,2026-06-10 20:00:00.000000,122.0,2,2026-06-10 18:18:02.366410
4214,H_152199995,2026-06-10 21:00:00.000000,122.0,3,2026-06-10 18:18:02.369719
4215,H_152199997,2026-06-10 20:00:00.000000,226.75,2,2026-06-10 18:18:02.378229
4216,H_152199997,2026-06-10 21:00:00.000000,227.24999999999997,3,2026-06-10 18:18:02.382138
4217,H_152200010,2026-06-10 20:00:00.000000,264.0000000000002,2,2026-06-10 18:18:02.391571
4218,H_152200010,2026-06-10 21:00:00.000000,263.99999999999955,3,2026-06-10 18:18:02.395214
4219,H_152200020,2026-06-10 20:00:00.000000,244.50000000000023,2,2026-06-10 18:18:02.403968
4220,H_152200020,2026-06-10 21:00:00.000000,213.0,3,2026-06-10 18:18:02.407144
4221,H_152200030,2026-06-10 20:00:00.000000,254.0000000000001,2,2026-06-10 18:18:02.417010
4222,H_152200030,2026-06-10 21:00:00.000000,253.9999999999999,3,2026-06-10 18:18:02.420221
4223,H_152200050,2026-06-10 20:00:00.000000,57.0,2,2026-06-10 18:18:02.428857
4224,H_152200050,2026-06-10 21:00:00.000000,60.999999999999986,3,2026-06-10 18:18:02.432236
4226,H_152200090,2026-06-10 20:00:00.000000,212.00000000000023,2,2026-06-10 18:18:02.448755
4227,H_152200090,2026-06-10 21:00:00.000000,220.0,3,2026-06-10 18:18:02.452198
4228,H_152200100,2026-06-10 20:00:00.000000,170.2,2,2026-06-10 18:18:02.460145
4229,H_152200100,2026-06-10 21:00:00.000000,170.8,3,2026-06-10 18:18:02.463616
4230,H_152200110,2026-06-10 20:00:00.000000,214.0,2,2026-06-10 18:18:02.472066
4231,H_152200110,2026-06-10 21:00:00.000000,214.0,3,2026-06-10 18:18:02.475844
4232,H_152200130,2026-06-10 20:00:00.000000,42.49999999999999,2,2026-06-10 18:18:02.484561
4233,H_152200130,2026-06-10 21:00:00.000000,42.49999999999999,3,2026-06-10 18:18:02.487680
4234,H_152200150,2026-06-10 20:00:00.000000,242.4,2,2026-06-10 18:18:02.496352
4235,H_152200150,2026-06-10 21:00:00.000000,242.4,3,2026-06-10 18:18:02.499215
4237,H_152209996,2026-06-10 20:00:00.000000,196.99999999999997,2,2026-06-10 18:18:02.516748
4238,H_152209996,2026-06-10 21:00:00.000000,197.25000000000006,3,2026-06-10 18:18:02.519921
4239,H_152209997,2026-06-10 20:00:00.000000,121.2,2,2026-06-10 18:18:02.529738
4240,H_152209997,2026-06-10 21:00:00.000000,120.8,3,2026-06-10 18:18:02.532860
4241,H_152210020,2026-06-10 20:00:00.000000,159.99999999999997,2,2026-06-10 18:18:02.540308
4242,H_152210020,2026-06-10 21:00:00.000000,164.99999999999994,3,2026-06-10 18:18:02.543266
4243,H_152210060,2026-06-10 20:00:00.000000,125.33333333333333,2,2026-06-10 18:18:02.551469
4244,H_152210060,2026-06-10 21:00:00.000000,125.33333333333331,3,2026-06-10 18:18:02.554561
4245,H_152210070,2026-06-10 20:00:00.000000,53.0,2,2026-06-10 18:18:02.562742
4246,H_152210070,2026-06-10 21:00:00.000000,53.0,3,2026-06-10 18:18:02.565523
4247,H_152210090,2026-06-10 20:00:00.000000,170.0,2,2026-06-10 18:18:02.573796
4248,H_152210090,2026-06-10 21:00:00.000000,167.0,3,2026-06-10 18:18:02.577076
4249,H_152210110,2026-06-10 20:00:00.000000,216.0,2,2026-06-10 18:18:02.585237
4250,H_152210110,2026-06-10 21:00:00.000000,216.0,3,2026-06-10 18:18:02.588522
4251,H_152210120,2026-06-10 20:00:00.000000,101.0,2,2026-06-10 18:18:02.598002
4252,H_152210120,2026-06-10 21:00:00.000000,101.0,3,2026-06-10 18:18:02.601160
4253,H_152210150,2026-06-10 20:00:00.000000,210.0,2,2026-06-10 18:18:02.609125
4254,H_152210150,2026-06-10 21:00:00.000000,214.0,3,2026-06-10 18:18:02.612493
4255,H_152210170,2026-06-10 20:00:00.000000,137.0,2,2026-06-10 18:18:02.622582
4256,H_152210170,2026-06-10 21:00:00.000000,137.0,3,2026-06-10 18:18:02.625921
4259,H_152220010,2026-06-10 20:00:00.000000,150.0,2,2026-06-10 18:18:02.651451
4260,H_152220010,2026-06-10 21:00:00.000000,148.49999999999994,3,2026-06-10 18:18:02.654778
4261,H_152220030,2026-06-10 20:00:00.000000,228.33333333333326,2,2026-06-10 18:18:02.674274
4262,H_152220030,2026-06-10 21:00:00.000000,210.0,3,2026-06-10 18:18:02.677615
4263,H_152220050,2026-06-10 20:00:00.000000,44.6,2,2026-06-10 18:18:02.685821
4264,H_152220050,2026-06-10 21:00:00.000000,44.4,3,2026-06-10 18:18:02.689305
4265,H_152220070,2026-06-10 20:00:00.000000,75.99999999999997,2,2026-06-10 18:18:02.698648
4266,H_152220070,2026-06-10 21:00:00.000000,73.99999999999997,3,2026-06-10 18:18:02.701970
4267,H_152220080,2026-06-10 20:00:00.000000,104.0,2,2026-06-10 18:18:02.709690
4268,H_152220080,2026-06-10 21:00:00.000000,104.0,3,2026-06-10 18:18:02.712374
4269,H_152229999,2026-06-10 20:00:00.000000,101.8,2,2026-06-10 18:18:02.721449
4270,H_152229999,2026-06-10 21:00:00.000000,101.8,3,2026-06-10 18:18:02.725631
4271,H_152230020,2026-06-10 20:00:00.000000,128.8,2,2026-06-10 18:18:02.734532
4272,H_152230020,2026-06-10 21:00:00.000000,128.8,3,2026-06-10 18:18:02.737939
4273,H_152230030,2026-06-10 20:00:00.000000,6.133333333333212,2,2026-06-10 18:18:02.747213
4274,H_152230030,2026-06-10 21:00:00.000000,9.733333333333348,3,2026-06-10 18:18:02.750889
4275,H_152230040,2026-06-10 20:00:00.000000,178.0,2,2026-06-10 18:18:02.759728
4276,H_152230040,2026-06-10 21:00:00.000000,178.0,3,2026-06-10 18:18:02.762849
4277,H_152230070,2026-06-10 20:00:00.000000,206.0,2,2026-06-10 18:18:02.770803
4278,H_152230070,2026-06-10 21:00:00.000000,206.0,3,2026-06-10 18:18:02.775242
4279,H_152230080,2026-06-10 19:50:00.000000,113.0,2,2026-06-10 18:18:02.783517
4280,H_152230080,2026-06-10 20:50:00.000000,114.5,3,2026-06-10 18:18:02.786635
4281,H_152230090,2026-06-10 20:00:00.000000,116.99999999999997,2,2026-06-10 18:18:02.795420
4282,H_152230090,2026-06-10 21:00:00.000000,117.0,3,2026-06-10 18:18:02.799392
4283,H_152230100,2026-06-10 20:00:00.000000,119.0,2,2026-06-10 18:18:02.808307
4284,H_152230100,2026-06-10 21:00:00.000000,119.0,3,2026-06-10 18:18:02.811609
4285,H_152230110,2026-06-10 20:00:00.000000,158.0,2,2026-06-10 18:18:02.819618
4286,H_152230110,2026-06-10 21:00:00.000000,158.0,3,2026-06-10 18:18:02.823086
4287,H_152230120,2026-06-10 20:00:00.000000,160.0,2,2026-06-10 18:18:02.832886
4288,H_152230120,2026-06-10 21:00:00.000000,160.0,3,2026-06-10 18:18:02.836272
4289,H_152230190,2026-06-10 20:00:00.000000,89.6,2,2026-06-10 18:18:02.846204
4290,H_152230190,2026-06-10 21:00:00.000000,89.4,3,2026-06-10 18:18:02.849534
4291,H_152230200,2026-06-10 20:00:00.000000,206.0,2,2026-06-10 18:18:02.857690
4292,H_152230200,2026-06-10 21:00:00.000000,206.0,3,2026-06-10 18:18:02.861311
4293,H_153140010,2026-06-10 20:00:00.000000,495.60308157670863,2,2026-06-10 18:18:02.870151
4294,H_153140010,2026-06-10 21:00:00.000000,491.54929577464793,3,2026-06-10 18:18:02.873654
4295,H_153140020,2026-06-10 20:00:00.000000,552.0959752321983,2,2026-06-10 18:18:02.882246
4296,H_153140020,2026-06-10 21:00:00.000000,561.3668730650156,3,2026-06-10 18:18:02.885176
4297,H_153140030,2026-06-10 20:00:00.000000,539.7209302325587,2,2026-06-10 18:18:02.893715
4298,H_153140030,2026-06-10 21:00:00.000000,594.6279069767434,3,2026-06-10 18:18:02.897368
4299,H_153140040,2026-06-10 20:00:00.000000,463.0280164363089,2,2026-06-10 18:18:02.905272
4300,H_153140040,2026-06-10 21:00:00.000000,476.71796787448636,3,2026-06-10 18:18:02.909395
4301,H_153140050,2026-06-10 20:00:00.000000,405.7558139534881,2,2026-06-10 18:18:02.917987
4302,H_153140050,2026-06-10 21:00:00.000000,544.4767441860467,3,2026-06-10 18:18:02.921509
4303,H_153140060,2026-06-10 20:00:00.000000,485.0857142857145,2,2026-06-10 18:18:02.930802
4304,H_153140060,2026-06-10 21:00:00.000000,435.3571428571431,3,2026-06-10 18:18:02.933876
4305,H_153140070,2026-06-10 20:00:00.000000,477.9751879699247,2,2026-06-10 18:18:02.942268
4306,H_153140070,2026-06-10 21:00:00.000000,480.43082706766927,3,2026-06-10 18:18:02.945212
4307,H_153140090,2026-06-10 20:00:00.000000,98.0,2,2026-06-10 18:18:02.953347
4308,H_153140090,2026-06-10 21:00:00.000000,98.0,3,2026-06-10 18:18:02.956875
4310,H_153140200,2026-06-10 20:00:00.000000,135.50000000000006,2,2026-06-10 18:18:02.972651
4311,H_153140200,2026-06-10 21:00:00.000000,111.75000000000003,3,2026-06-10 18:18:02.975789
4312,H_153150010,2026-06-10 20:00:00.000000,42.00000000000006,2,2026-06-10 18:18:02.983552
4313,H_153150010,2026-06-10 21:00:00.000000,42.0,3,2026-06-10 18:18:02.986657
4315,H_153150190,2026-06-10 20:00:00.000000,121.6,2,2026-06-10 18:18:03.002861
4316,H_153150190,2026-06-10 21:00:00.000000,121.4,3,2026-06-10 18:18:03.006921
4317,H_153160040,2026-06-10 20:00:00.000000,99.8,2,2026-06-10 18:18:03.017057
4318,H_153160040,2026-06-10 21:00:00.000000,99.6,3,2026-06-10 18:18:03.020132
4319,H_153160070,2026-06-10 20:00:00.000000,49.4,2,2026-06-10 18:18:03.031174
4320,H_153160070,2026-06-10 21:00:00.000000,49.6,3,2026-06-10 18:18:03.034259
4322,H_153160170,2026-06-10 20:00:00.000000,205.4,2,2026-06-10 18:18:03.050183
4323,H_153160170,2026-06-10 21:00:00.000000,205.6,3,2026-06-10 18:18:03.053291
4324,H_153160180,2026-06-10 20:00:00.000000,120.59999999999991,2,2026-06-10 18:18:03.064136
4325,H_153160180,2026-06-10 21:00:00.000000,120.19999999999993,3,2026-06-10 18:18:03.067779
4326,H_153160210,2026-06-10 20:00:00.000000,225.94736842105263,2,2026-06-10 18:18:03.080057
4327,H_153160210,2026-06-10 21:00:00.000000,222.52631578947364,3,2026-06-10 18:18:03.083445
4328,H_153170010,2026-06-10 20:00:00.000000,234.0,2,2026-06-10 18:18:03.091329
4329,H_153170010,2026-06-10 21:00:00.000000,234.0,3,2026-06-10 18:18:03.095631
4330,H_153170100,2026-06-10 20:00:00.000000,287.6,2,2026-06-10 18:18:03.103201
4331,H_153170100,2026-06-10 21:00:00.000000,288.0,3,2026-06-10 18:18:03.106641
4332,H_153170140,2026-06-10 20:00:00.000000,178.00632911392404,2,2026-06-10 18:18:03.116921
4333,H_153170140,2026-06-10 21:00:00.000000,177.89240506329114,3,2026-06-10 18:18:03.121725
4334,H_153180010,2026-06-10 20:00:00.000000,45.0,2,2026-06-10 18:18:03.131814
4335,H_153180010,2026-06-10 21:00:00.000000,45.0,3,2026-06-10 18:18:03.135083
4336,H_153180020,2026-06-10 19:50:00.000000,124.99999999999994,2,2026-06-10 18:18:03.146142
4337,H_153180020,2026-06-10 20:50:00.000000,125.00000000000006,3,2026-06-10 18:18:03.149854
4338,H_153180030,2026-06-10 20:00:00.000000,76.66666666666669,2,2026-06-10 18:18:03.162104
4339,H_153180030,2026-06-10 21:00:00.000000,76.66666666666669,3,2026-06-10 18:18:03.165608
4340,H_153180060,2026-06-10 20:00:00.000000,16.133333333333212,2,2026-06-10 18:18:03.176790
4341,H_153180060,2026-06-10 21:00:00.000000,190.4,3,2026-06-10 18:18:03.181256
4342,H_153180080,2026-06-10 20:00:00.000000,157.0,2,2026-06-10 18:18:03.191246
4343,H_153180080,2026-06-10 21:00:00.000000,158.0,3,2026-06-10 18:18:03.194691
4344,H_153180090,2026-06-10 20:00:00.000000,114.4,2,2026-06-10 18:18:03.204024
4345,H_153180090,2026-06-10 21:00:00.000000,112.4,3,2026-06-10 18:18:03.207716
4346,H_153180110,2026-06-10 20:00:00.000000,0.0,2,2026-06-10 18:18:03.217213
4347,H_153180110,2026-06-10 21:00:00.000000,19.024999999999977,3,2026-06-10 18:18:03.221086
4348,H_153180120,2026-06-10 20:00:00.000000,514.9252789195536,2,2026-06-10 18:18:03.230527
4349,H_153180120,2026-06-10 21:00:00.000000,499.5792718731651,3,2026-06-10 18:18:03.234374
4350,H_153180130,2026-06-10 20:00:00.000000,141.125,2,2026-06-10 18:18:03.243687
4351,H_153180130,2026-06-10 21:00:00.000000,128.25,3,2026-06-10 18:18:03.247088
4352,H_153190010,2026-06-10 20:00:00.000000,89.13881401617255,2,2026-06-10 18:18:03.256380
4353,H_153190010,2026-06-10 21:00:00.000000,101.35714285714283,3,2026-06-10 18:18:03.259926
4354,H_153190030,2026-06-10 20:00:00.000000,268.0,2,2026-06-10 18:18:03.268023
4355,H_153190030,2026-06-10 21:00:00.000000,268.0,3,2026-06-10 18:18:03.271280
4356,H_153190040,2026-06-10 20:00:00.000000,698.5000000000002,2,2026-06-10 18:18:03.280300
4357,H_153190040,2026-06-10 21:00:00.000000,696.9999999999998,3,2026-06-10 18:18:03.283373
4358,H_153190080,2026-06-10 20:00:00.000000,896.0,2,2026-06-10 18:18:03.291915
4359,H_153190080,2026-06-10 21:00:00.000000,895.6666666666666,3,2026-06-10 18:18:03.295290
4360,H_153190090,2026-06-10 20:00:00.000000,140.4,2,2026-06-10 18:18:03.303760
4361,H_153190090,2026-06-10 21:00:00.000000,140.6,3,2026-06-10 18:18:03.307543
4363,H_153190120,2026-06-10 20:00:00.000000,154.0,2,2026-06-10 18:18:03.323196
4364,H_153190120,2026-06-10 21:00:00.000000,156.4999999999999,3,2026-06-10 18:18:03.326223
4365,H_153190130,2026-06-10 20:00:00.000000,48.0,2,2026-06-10 18:18:03.335196
4366,H_153190130,2026-06-10 21:00:00.000000,48.0,3,2026-06-10 18:18:03.338704
4367,H_153190140,2026-06-10 20:00:00.000000,752.0,2,2026-06-10 18:18:03.347581
4368,H_153190140,2026-06-10 21:00:00.000000,752.0,3,2026-06-10 18:18:03.350828
4369,H_153190150,2026-06-10 20:00:00.000000,39.00000000000001,2,2026-06-10 18:18:03.360627
4370,H_153190150,2026-06-10 21:00:00.000000,38.75,3,2026-06-10 18:18:03.364548
4371,H_153190170,2026-06-10 20:00:00.000000,447.6,2,2026-06-10 18:18:03.373677
4372,H_153190170,2026-06-10 21:00:00.000000,447.4,3,2026-06-10 18:18:03.377135
4373,H_153190180,2026-06-10 20:00:00.000000,318.0,2,2026-06-10 18:18:03.385768
4374,H_153190180,2026-06-10 21:00:00.000000,318.0,3,2026-06-10 18:18:03.389007
4377,H_153200020,2026-06-10 20:00:00.000000,149.0,2,2026-06-10 18:18:03.423130
4378,H_153200020,2026-06-10 21:00:00.000000,174.0000000000001,3,2026-06-10 18:18:03.426968
4379,H_153200030,2026-06-10 20:00:00.000000,78.0,2,2026-06-10 18:18:03.442227
4380,H_153200030,2026-06-10 21:00:00.000000,80.00000000000001,3,2026-06-10 18:18:03.447531
4381,H_153200040,2026-06-10 20:00:00.000000,166.0,2,2026-06-10 18:18:03.460540
4382,H_153200040,2026-06-10 21:00:00.000000,166.0,3,2026-06-10 18:18:03.465434
4383,H_153200050,2026-06-10 20:00:00.000000,100.0,2,2026-06-10 18:18:03.477371
4384,H_153200050,2026-06-10 21:00:00.000000,100.00000000000001,3,2026-06-10 18:18:03.481650
4385,H_153200070,2026-06-10 20:00:00.000000,106.99999999999994,2,2026-06-10 18:18:03.491742
4386,H_153200070,2026-06-10 21:00:00.000000,105.0,3,2026-06-10 18:18:03.496422
4387,H_153200090,2026-06-10 20:00:00.000000,207.0,2,2026-06-10 18:18:03.507077
4388,H_153200090,2026-06-10 21:00:00.000000,207.0,3,2026-06-10 18:18:03.512777
4389,H_153210070,2026-06-10 20:00:00.000000,65.2,2,2026-06-10 18:18:03.522555
4390,H_153210070,2026-06-10 21:00:00.000000,64.8,3,2026-06-10 18:18:03.526953
4391,H_153210090,2026-06-10 20:00:00.000000,42.333333333333336,2,2026-06-10 18:18:03.536993
4392,H_153210090,2026-06-10 21:00:00.000000,42.66666666666667,3,2026-06-10 18:18:03.540457
4393,H_153210120,2026-06-10 20:00:00.000000,146.0,2,2026-06-10 18:18:03.549241
4394,H_153210120,2026-06-10 21:00:00.000000,146.0,3,2026-06-10 18:18:03.552533
4396,H_153210170,2026-06-10 20:00:00.000000,46.6,2,2026-06-10 18:18:03.567511
4397,H_153210170,2026-06-10 21:00:00.000000,46.4,3,2026-06-10 18:18:03.570429
4398,H_153210180,2026-06-10 20:00:00.000000,101.33333333333333,2,2026-06-10 18:18:03.579324
4399,H_153210180,2026-06-10 21:00:00.000000,100.66666666666666,3,2026-06-10 18:18:03.581931
4400,H_153210190,2026-06-10 20:00:00.000000,114.49999999999999,2,2026-06-10 18:18:03.588946
4401,H_153210190,2026-06-10 21:00:00.000000,115.0,3,2026-06-10 18:18:03.592326
4402,H_153210200,2026-06-10 20:00:00.000000,34.0,2,2026-06-10 18:18:03.601372
4403,H_153210200,2026-06-10 21:00:00.000000,34.2,3,2026-06-10 18:18:03.604671
4404,H_153210210,2026-06-10 20:00:00.000000,122.0,2,2026-06-10 18:18:03.614141
4405,H_153210210,2026-06-10 21:00:00.000000,122.0,3,2026-06-10 18:18:03.617375
4406,H_153210220,2026-06-10 20:00:00.000000,73.99999999999999,2,2026-06-10 18:18:03.627124
4407,H_153210220,2026-06-10 21:00:00.000000,72.50000000000001,3,2026-06-10 18:18:03.630694
4408,H_153220010,2026-06-10 20:00:00.000000,67.6,2,2026-06-10 18:18:03.639602
4409,H_153220010,2026-06-10 21:00:00.000000,67.6,3,2026-06-10 18:18:03.644249
4410,H_153220050,2026-06-10 20:00:00.000000,165.0,2,2026-06-10 18:18:03.654943
4411,H_153220050,2026-06-10 21:00:00.000000,170.0000000000001,3,2026-06-10 18:18:03.658713
4412,H_153220060,2026-06-10 20:00:00.000000,112.2,2,2026-06-10 18:18:03.668039
4413,H_153220060,2026-06-10 21:00:00.000000,111.8,3,2026-06-10 18:18:03.671827
4414,H_153220070,2026-06-10 20:00:00.000000,147.2,2,2026-06-10 18:18:03.680848
4415,H_153220070,2026-06-10 21:00:00.000000,146.8,3,2026-06-10 18:18:03.684110
4416,H_153220090,2026-06-10 20:00:00.000000,262.6,2,2026-06-10 18:18:03.692776
4417,H_153220090,2026-06-10 21:00:00.000000,262.4,3,2026-06-10 18:18:03.696186
4418,H_153220100,2026-06-10 20:00:00.000000,150.0,2,2026-06-10 18:18:03.705311
4419,H_153220100,2026-06-10 21:00:00.000000,149.8,3,2026-06-10 18:18:03.709652
4420,H_153220130,2026-06-10 20:00:00.000000,113.50000000000003,2,2026-06-10 18:18:05.079352
4421,H_153220130,2026-06-10 21:00:00.000000,114.99999999999999,3,2026-06-10 18:18:05.112940
4422,H_153220180,2026-06-10 20:00:00.000000,255.0,2,2026-06-10 18:18:05.147087
4423,H_153220180,2026-06-10 21:00:00.000000,255.0,3,2026-06-10 18:18:05.151591
4424,H_153220190,2026-06-10 20:00:00.000000,206.0,2,2026-06-10 18:18:05.165445
4425,H_153220190,2026-06-10 21:00:00.000000,206.0,3,2026-06-10 18:18:05.169093
4426,H_153220200,2026-06-10 20:00:00.000000,105.4,2,2026-06-10 18:18:05.182507
4427,H_153220200,2026-06-10 21:00:00.000000,105.6,3,2026-06-10 18:18:05.186276
4428,H_153220230,2026-06-10 20:00:00.000000,64.00000000000023,2,2026-06-10 18:18:05.197998
4429,H_153220230,2026-06-10 21:00:00.000000,93.25,3,2026-06-10 18:18:05.201973
4430,H_153220260,2026-06-10 20:00:00.000000,183.0,2,2026-06-10 18:18:05.215032
4431,H_153220260,2026-06-10 21:00:00.000000,186.0,3,2026-06-10 18:18:05.218989
4432,H_153220270,2026-06-10 20:00:00.000000,360.6,2,2026-06-10 18:18:05.231231
4433,H_153220270,2026-06-10 21:00:00.000000,360.4,3,2026-06-10 18:18:05.234789
4434,H_153230010,2026-06-10 20:00:00.000000,144.00000000000003,2,2026-06-10 18:18:05.251340
4435,H_153230010,2026-06-10 21:00:00.000000,144.0,3,2026-06-10 18:18:05.255506
4436,H_153230060,2026-06-10 20:00:00.000000,217.0,2,2026-06-10 18:18:05.271642
4437,H_153230060,2026-06-10 21:00:00.000000,216.6,3,2026-06-10 18:18:05.277562
4438,H_153230070,2026-06-10 20:00:00.000000,126.8,2,2026-06-10 18:18:05.289143
4439,H_153230070,2026-06-10 21:00:00.000000,127.2,3,2026-06-10 18:18:05.292387
4440,H_153230080,2026-06-10 19:50:00.000000,39.999999999999986,2,2026-06-10 18:18:05.307587
4441,H_153230080,2026-06-10 20:50:00.000000,40.00000000000004,3,2026-06-10 18:18:05.313280
4442,H_153230110,2026-06-10 20:00:00.000000,108.6,2,2026-06-10 18:18:05.329299
4443,H_153230110,2026-06-10 21:00:00.000000,108.4,3,2026-06-10 18:18:05.332878
4446,H_153230170,2026-06-10 20:00:00.000000,139.2,2,2026-06-10 18:18:05.373456
4447,H_153230170,2026-06-10 21:00:00.000000,138.8,3,2026-06-10 18:18:05.377041
4448,H_154150010,2026-06-10 20:00:00.000000,135.66666666666669,2,2026-06-10 18:18:05.389503
4449,H_154150010,2026-06-10 21:00:00.000000,135.33333333333334,3,2026-06-10 18:18:05.394033
4450,H_154150030,2026-06-10 20:00:00.000000,498.13810992708915,2,2026-06-10 18:18:05.405556
4451,H_154150030,2026-06-10 21:00:00.000000,497.77383623107124,3,2026-06-10 18:18:05.409355
4452,H_154150050,2026-06-10 20:00:00.000000,78.49999999999999,2,2026-06-10 18:18:05.419068
4453,H_154150050,2026-06-10 21:00:00.000000,79.50000000000001,3,2026-06-10 18:18:05.422181
4454,H_154150080,2026-06-10 20:00:00.000000,490.5712564025309,2,2026-06-10 18:18:05.432028
4455,H_154150080,2026-06-10 21:00:00.000000,495.402832178367,3,2026-06-10 18:18:05.434998
4456,H_154160020,2026-06-10 20:00:00.000000,0.0,2,2026-06-10 18:18:05.444857
4457,H_154160020,2026-06-10 21:00:00.000000,182.6666666666666,3,2026-06-10 18:18:05.447254
4458,H_154160140,2026-06-10 20:00:00.000000,170.00000000000003,2,2026-06-10 18:18:05.454784
4459,H_154160140,2026-06-10 21:00:00.000000,171.0,3,2026-06-10 18:18:05.457370
4460,H_154170010,2026-06-10 20:00:00.000000,105.6,2,2026-06-10 18:18:05.464768
4461,H_154170010,2026-06-10 21:00:00.000000,107.4,3,2026-06-10 18:18:05.468159
4463,H_154170060,2026-06-10 20:00:00.000000,29.750000000000004,2,2026-06-10 18:18:05.519950
4464,H_154170060,2026-06-10 21:00:00.000000,30.250000000000004,3,2026-06-10 18:18:05.523487
4465,H_154170070,2026-06-10 20:00:00.000000,903.196369113055,2,2026-06-10 18:18:05.534155
4466,H_154170070,2026-06-10 21:00:00.000000,0.0,3,2026-06-10 18:18:05.536830
4467,H_154170080,2026-06-10 20:00:00.000000,58.0,2,2026-06-10 18:18:05.546784
4468,H_154170080,2026-06-10 21:00:00.000000,58.2,3,2026-06-10 18:18:05.549653
4469,H_154170090,2026-06-10 20:00:00.000000,506.0,2,2026-06-10 18:18:05.558710
4470,H_154170090,2026-06-10 21:00:00.000000,506.00000000000006,3,2026-06-10 18:18:05.561694
4471,H_154170100,2026-06-10 20:00:00.000000,494.04074856625414,2,2026-06-10 18:18:05.571165
4472,H_154170100,2026-06-10 21:00:00.000000,496.26079082402646,3,2026-06-10 18:18:05.574579
4473,H_154170110,2026-06-10 20:00:00.000000,144.9999999999999,2,2026-06-10 18:18:05.584066
4474,H_154170110,2026-06-10 21:00:00.000000,140.0,3,2026-06-10 18:18:05.587051
4475,H_154170120,2026-06-10 20:00:00.000000,27.0,2,2026-06-10 18:18:05.595666
4476,H_154170120,2026-06-10 21:00:00.000000,27.0,3,2026-06-10 18:18:05.598466
4477,H_154170150,2026-06-10 20:00:00.000000,38.0,2,2026-06-10 18:18:05.605942
4478,H_154170150,2026-06-10 21:00:00.000000,38.0,3,2026-06-10 18:18:05.608454
4479,H_154170160,2026-06-10 20:00:00.000000,104.6,2,2026-06-10 18:18:05.617953
4480,H_154170160,2026-06-10 21:00:00.000000,104.2,3,2026-06-10 18:18:05.620488
4481,H_154170190,2026-06-10 20:00:00.000000,488.99999999999994,2,2026-06-10 18:18:05.628920
4482,H_154170190,2026-06-10 21:00:00.000000,489.0,3,2026-06-10 18:18:05.631977
4483,H_154170230,2026-06-10 20:00:00.000000,49.6,2,2026-06-10 18:18:05.641220
4484,H_154170230,2026-06-10 21:00:00.000000,49.4,3,2026-06-10 18:18:05.644048
4489,H_154180020,2026-06-10 20:00:00.000000,142.0,2,2026-06-10 18:18:05.684990
4490,H_154180020,2026-06-10 21:00:00.000000,142.0,3,2026-06-10 18:18:05.687360
4492,H_154180040,2026-06-10 20:00:00.000000,49.0,2,2026-06-10 18:18:05.703266
4493,H_154180040,2026-06-10 21:00:00.000000,49.0,3,2026-06-10 18:18:05.706030
4495,H_154180060,2026-06-10 20:00:00.000000,150.8,2,2026-06-10 18:18:05.720097
4496,H_154180060,2026-06-10 21:00:00.000000,151.2,3,2026-06-10 18:18:05.723057
4498,H_154180080,2026-06-10 20:00:00.000000,55.6,2,2026-06-10 18:18:05.736336
4499,H_154180080,2026-06-10 21:00:00.000000,55.4,3,2026-06-10 18:18:05.738707
4500,H_154180090,2026-06-10 20:00:00.000000,526.6230283911673,2,2026-06-10 18:18:05.745529
4501,H_154180090,2026-06-10 21:00:00.000000,535.3027405362777,3,2026-06-10 18:18:05.747809
4502,H_154180100,2026-06-10 20:00:00.000000,499.6516853932585,2,2026-06-10 18:18:05.754321
4503,H_154180100,2026-06-10 21:00:00.000000,466.59220092531336,3,2026-06-10 18:18:05.756763
4505,H_154180120,2026-06-10 20:00:00.000000,519.2647410954805,2,2026-06-10 18:18:05.770211
4506,H_154180120,2026-06-10 21:00:00.000000,514.525591140377,3,2026-06-10 18:18:05.773981
4507,H_154180140,2026-06-10 20:00:00.000000,531.9092356687897,2,2026-06-10 18:18:05.781993
4508,H_154180140,2026-06-10 21:00:00.000000,524.6687898089172,3,2026-06-10 18:18:05.784303
4509,H_154180150,2026-06-10 20:00:00.000000,249.6,2,2026-06-10 18:18:05.793686
4510,H_154180150,2026-06-10 21:00:00.000000,249.4,3,2026-06-10 18:18:05.796623
4511,H_154180160,2026-06-10 20:00:00.000000,451.00000000000045,2,2026-06-10 18:18:05.805397
4512,H_154180160,2026-06-10 21:00:00.000000,421.0,3,2026-06-10 18:18:05.807880
4513,H_154180170,2026-06-10 19:50:00.000000,482.76129032258063,2,2026-06-10 18:18:05.814816
4514,H_154180170,2026-06-10 20:50:00.000000,475.6322580645162,3,2026-06-10 18:18:05.817901
4515,H_154180180,2026-06-10 20:00:00.000000,522.4,2,2026-06-10 18:18:05.824991
4516,H_154180180,2026-06-10 21:00:00.000000,523.6,3,2026-06-10 18:18:05.827543
4517,H_154180190,2026-06-10 20:00:00.000000,0.0,2,2026-06-10 18:18:05.834435
4518,H_154180190,2026-06-10 21:00:00.000000,85607710684.9541,3,2026-06-10 18:18:05.836586
4519,H_154180200,2026-06-10 20:00:00.000000,590.5825242718438,2,2026-06-10 18:18:05.843562
4520,H_154180200,2026-06-10 21:00:00.000000,522.8058252427188,3,2026-06-10 18:18:05.845608
4521,H_154180220,2026-06-10 20:00:00.000000,551.1493055555559,2,2026-06-10 18:18:05.852623
4522,H_154180220,2026-06-10 21:00:00.000000,576.1041666666665,3,2026-06-10 18:18:05.855054
4523,H_154180260,2026-06-10 19:50:00.000000,214.8,2,2026-06-10 18:18:05.862543
4524,H_154180260,2026-06-10 20:50:00.000000,215.2,3,2026-06-10 18:18:05.865044
4525,H_154180270,2026-06-10 20:00:00.000000,95.18000724375224,2,2026-06-10 18:18:05.872306
4526,H_154180270,2026-06-10 21:00:00.000000,90.35874683085842,3,2026-06-10 18:18:05.874466
4530,H_154190010,2026-06-10 20:00:00.000000,518.5,2,2026-06-10 18:18:05.901480
4531,H_154190010,2026-06-10 21:00:00.000000,520.0,3,2026-06-10 18:18:05.903587
4532,H_154190020,2026-06-10 20:00:00.000000,525.2873406193077,2,2026-06-10 18:18:05.920088
4533,H_154190020,2026-06-10 21:00:00.000000,518.8328779599271,3,2026-06-10 18:18:05.922492
4534,H_154190030,2026-06-10 20:00:00.000000,522.2455555555557,2,2026-06-10 18:18:05.930896
4535,H_154190030,2026-06-10 21:00:00.000000,526.6155555555555,3,2026-06-10 18:18:05.933199
4536,H_154190040,2026-06-10 20:00:00.000000,519.2830127860749,2,2026-06-10 18:18:05.940234
4537,H_154190040,2026-06-10 21:00:00.000000,518.1426882991295,3,2026-06-10 18:18:05.942355
4538,H_154190050,2026-06-10 20:00:00.000000,539.7448661163683,2,2026-06-10 18:18:05.949080
4539,H_154190050,2026-06-10 21:00:00.000000,535.4347694785585,3,2026-06-10 18:18:05.951203
4540,H_154190060,2026-06-10 20:00:00.000000,539.3662409389026,2,2026-06-10 18:18:05.958571
4541,H_154190060,2026-06-10 21:00:00.000000,539.5450465999311,3,2026-06-10 18:18:05.961980
4542,H_154190070,2026-06-10 20:00:00.000000,512.8048780487803,2,2026-06-10 18:18:05.969043
4543,H_154190070,2026-06-10 21:00:00.000000,530.560975609756,3,2026-06-10 18:18:05.971350
4544,H_154190080,2026-06-10 20:00:00.000000,552.0,2,2026-06-10 18:18:05.979290
4545,H_154190080,2026-06-10 21:00:00.000000,552.0,3,2026-06-10 18:18:05.981394
4546,H_154190090,2026-06-10 20:00:00.000000,561.3333333333335,2,2026-06-10 18:18:05.988478
4547,H_154190090,2026-06-10 21:00:00.000000,514.2857142857142,3,2026-06-10 18:18:05.991157
4548,H_154190100,2026-06-10 20:00:00.000000,420.0,2,2026-06-10 18:18:05.998756
4549,H_154190100,2026-06-10 21:00:00.000000,420.0,3,2026-06-10 18:18:06.000854
4550,H_154190110,2026-06-10 20:00:00.000000,88.00000000000001,2,2026-06-10 18:18:06.009026
4551,H_154190110,2026-06-10 21:00:00.000000,92.0,3,2026-06-10 18:18:06.011766
4552,H_154190130,2026-06-10 20:00:00.000000,500.5634227176862,2,2026-06-10 18:18:06.019333
4553,H_154190130,2026-06-10 21:00:00.000000,510.3690870744199,3,2026-06-10 18:18:06.022082
4554,H_154190140,2026-06-10 20:00:00.000000,531.0,2,2026-06-10 18:18:06.029772
4555,H_154190140,2026-06-10 21:00:00.000000,515.0000000000005,3,2026-06-10 18:18:06.031839
4556,H_154190160,2026-06-10 20:00:00.000000,266.0,2,2026-06-10 18:18:06.038852
4557,H_154190160,2026-06-10 21:00:00.000000,266.0,3,2026-06-10 18:18:06.041010
4558,H_154190170,2026-06-10 20:00:00.000000,165.8,2,2026-06-10 18:18:06.048765
4559,H_154190170,2026-06-10 21:00:00.000000,166.2,3,2026-06-10 18:18:06.051342
4560,H_154190180,2026-06-10 20:00:00.000000,526.0941087286118,2,2026-06-10 18:18:06.058626
4561,H_154190180,2026-06-10 21:00:00.000000,527.0570716915747,3,2026-06-10 18:18:06.061767
4562,H_154190200,2026-06-10 20:00:00.000000,518.6196072810664,2,2026-06-10 18:18:06.068838
4563,H_154190200,2026-06-10 21:00:00.000000,519.1330084563566,3,2026-06-10 18:18:06.070965
4564,H_154200010,2026-06-10 20:00:00.000000,161.99999999999997,2,2026-06-10 18:18:06.079807
4565,H_154200010,2026-06-10 21:00:00.000000,163.49999999999997,3,2026-06-10 18:18:06.082248
4566,H_154200020,2026-06-10 20:00:00.000000,154.33333333333334,2,2026-06-10 18:18:06.089413
4567,H_154200020,2026-06-10 21:00:00.000000,155.0,3,2026-06-10 18:18:06.091468
4568,H_154200030,2026-06-10 20:00:00.000000,111.50000000000001,2,2026-06-10 18:18:06.099144
4569,H_154200030,2026-06-10 21:00:00.000000,111.0,3,2026-06-10 18:18:06.101355
4570,H_154210010,2026-06-10 20:00:00.000000,97.0,2,2026-06-10 18:18:06.108928
4571,H_154210010,2026-06-10 21:00:00.000000,96.99999999999999,3,2026-06-10 18:18:06.112175
4572,H_154210020,2026-06-10 20:00:00.000000,139.0,2,2026-06-10 18:18:06.119358
4573,H_154210020,2026-06-10 21:00:00.000000,139.2,3,2026-06-10 18:18:06.121399
4574,H_154210070,2026-06-10 20:00:00.000000,196.99999999999997,2,2026-06-10 18:18:06.129982
4575,H_154210070,2026-06-10 21:00:00.000000,197.5,3,2026-06-10 18:18:06.132375
4576,H_154210080,2026-06-10 20:00:00.000000,195.49999999999997,2,2026-06-10 18:18:06.140117
4577,H_154210080,2026-06-10 21:00:00.000000,195.0,3,2026-06-10 18:18:06.143187
4578,H_154210090,2026-06-10 20:00:00.000000,121.0,2,2026-06-10 18:18:06.150363
4579,H_154210090,2026-06-10 21:00:00.000000,121.0,3,2026-06-10 18:18:06.152516
4580,H_154220010,2026-06-10 20:00:00.000000,147.4999999999999,2,2026-06-10 18:18:06.159673
4581,H_154220010,2026-06-10 21:00:00.000000,146.0000000000001,3,2026-06-10 18:18:06.162482
4582,H_154220050,2026-06-10 20:00:00.000000,41.6,2,2026-06-10 18:18:06.170643
4583,H_154220050,2026-06-10 21:00:00.000000,41.4,3,2026-06-10 18:18:06.174016
4584,H_154220100,2026-06-10 20:00:00.000000,196.0,2,2026-06-10 18:18:06.183443
4585,H_154220100,2026-06-10 21:00:00.000000,196.0,3,2026-06-10 18:18:06.187162
4586,H_154220110,2026-06-10 20:00:00.000000,95.0,2,2026-06-10 18:18:06.197472
4587,H_154220110,2026-06-10 21:00:00.000000,95.00000000000001,3,2026-06-10 18:18:06.200819
4633,H_149190300,2026-06-10 20:00:00.000000,187.09090909090924,2,2026-06-10 18:18:15.970982
4634,H_149190300,2026-06-10 21:00:00.000000,245.72727272727286,3,2026-06-10 18:18:15.975275
4712,H_149220190,2026-06-10 19:50:00.000000,88.0,2,2026-06-10 18:18:16.686338
4713,H_149220190,2026-06-10 20:50:00.000000,87.99999999999997,3,2026-06-10 18:18:16.689253
4729,H_150150060,2026-06-10 20:00:00.000000,39.0,2,2026-06-10 18:18:16.826374
4730,H_150150060,2026-06-10 21:00:00.000000,38.0,3,2026-06-10 18:18:16.829671
4919,H_151150070,2026-06-10 20:00:00.000000,57.4,2,2026-06-10 18:18:18.368012
4920,H_151150070,2026-06-10 21:00:00.000000,56.8,3,2026-06-10 18:18:18.370570
5015,H_152150040,2026-06-10 20:00:00.000000,166.66666666666669,2,2026-06-10 18:18:19.222139
5016,H_152150040,2026-06-10 21:00:00.000000,167.0,3,2026-06-10 18:18:19.227699
5119,H_153140190,2026-06-10 20:00:00.000000,403.9999999999991,2,2026-06-10 18:18:20.579069
5120,H_153140190,2026-06-10 21:00:00.000000,468.9999999999998,3,2026-06-10 18:18:20.583543
5270,H_154230040,2026-06-10 20:00:00.000000,43.0,2,2026-06-10 18:18:22.145758
5271,H_154230040,2026-06-10 21:00:00.000000,43.0,3,2026-06-10 18:18:22.148657
